exp_id,article_id,user,time,page_id,sentence_id,word,need_prediction,sentence_understand,mind_wandering,total_dwell_time_of_sentence,saccade_times_of_sentence,forward_times_of_sentence,backward_times_of_sentence,horizontal_saccade_proportion,saccade_velocity,saccade_duration,total_dwell_time_of_sentence_div_syllable,saccade_times_of_sentence_div_syllable,forward_times_of_sentence_div_syllable,backward_times_of_sentence_div_syllable,horizontal_saccade_proportion_div_syllable,saccade_velocity_div_syllable,saccade_duration_div_syllable,total_dwell_time_of_sentence_div_log,saccade_times_of_sentence_div_log,forward_times_of_sentence_div_log,backward_times_of_sentence_div_log,horizontal_saccade_proportion_div_log,saccade_velocity_div_log,saccade_duration_div_log,length
902,39,qxy,0,1588,0,Senior Iranian figures have expressed concern over the death in custody last week of a young woman arrested for allegedly violating the official female dress code,0,1,1,5533,16,14,2,0.875,-0.03196715032554583,-106412,125.75,0.36363636363636365,0.3181818181818182,0.045454545454545456,0.019886363636363636,-0.0007265261437624053,-2418.4545454545455,137.74279209799417,0.3983164058499741,0.34852685511872733,0.04978955073124676,0.021782928444920458,-0.0007958150264335778,-2649.102836206715,137
902,39,qxy,0,1588,1,The speaker of parliament said the Domestic Affairs Committee should probe the methods used by the morality police in order to prevent any repetition of Mahsa Amini’s death,0,1,1,6650,17,14,3,0.8823529411764706,1.2987117290525436,4175,141.48936170212767,0.3617021276595745,0.2978723404255319,0.06382978723404255,0.018773466833541926,0.02763216444792646,88.82978723404256,156.6789334348981,0.40053261178846133,0.32985038617873286,0.07068222560972848,0.020788889885214257,0.030598611811630816,98.36609730687212,145
902,39,qxy,0,1588,2,A court in the English city of Leicester has jailed a man for ten months for his part in recent clashes between groups of Hindus and Muslims,0,1,1,3522,10,8,2,0.9,0.6063157962104696,3679,103.58823529411765,0.29411764705882354,0.23529411764705882,0.058823529411764705,0.026470588235294117,0.017832817535602046,108.20588235294117,100.96557667870657,0.2866711433239823,0.22933691465918585,0.05733422866479646,0.02580040289915841,0.0173813242515046,105.4663136288931,114
902,39,qxy,0,1588,3,"47 have been arrested in relation to the unrest, which reportedly started after an India-Pakistan cricket match",0,1,0,2884,8,8,0,0.875,0.8517559914114162,1932,90.125,0.25,0.25,0.0,0.02734375,0.026617374731606757,60.375,109.19957406655136,0.30291143985173746,0.30291143985173746,0.0,0.03313093873378378,0.032250829220097026,73.1531127241946,95
902,39,qxy,0,1588,4,25 police officers have been injured in the disorder,0,1,0,1709,5,4,1,0.8,2.272601558847553,815,113.93333333333334,0.3333333333333333,0.26666666666666666,0.06666666666666667,0.05333333333333334,0.15150677058983686,54.333333333333336,129.92198222391622,0.38011112411912296,0.30408889929529836,0.07602222482382459,0.06081777985905968,0.1727682266416829,61.958113231417045,44
902,39,qxy,0,1588,5,Leicestershire’s acting police chief Rob Nixon said social media was being used to stoke division,0,1,0,3337,9,8,1,0.8888888888888888,1.371519961820432,1686,133.48,0.36,0.32,0.04,0.035555555555555556,0.054860798472817274,67.44,139.40494017691384,0.37597976074085243,0.33420423176964664,0.04177552897120583,0.037133803529960735,0.05729597189961656,70.43354184545302,83
902,39,qxy,0,1588,6,What we know people are doing is that they're receiving fake news via social media and then they're falling on,0,1,1,3912,12,9,3,0.9166666666666666,0.4617179245461246,7268,144.88888888888889,0.4444444444444444,0.3333333333333333,0.1111111111111111,0.033950617283950615,0.01710066387207869,269.18518518518516,137.11692696329882,0.42060407043956693,0.3154530528296752,0.10515101760989173,0.03212947760302247,0.01618336987158407,254.74586532956437,91
902,39,qxy,0,1588,7,There are significant things on there which are false,0,1,1,1939,6,5,1,0.8333333333333334,1.0584023502731936,2184,161.58333333333334,0.5,0.4166666666666667,0.08333333333333333,0.06944444444444445,0.08820019585609946,182.0,143.4407325325808,0.44385992532000246,0.3698832711000021,0.07397665422000041,0.06164721185000035,0.0782970646917958,161.5650128164809,45
902,39,qxy,0,1588,8,"You know, people saying that people have been assaulted",0,1,1,3097,7,5,2,1.0,0.8927527374586197,935,221.21428571428572,0.5,0.35714285714285715,0.14285714285714285,0.07142857142857142,0.0637680526756157,66.78571428571429,214.4820574848553,0.4847834686451363,0.34627390617509735,0.13850956247003893,0.06925478123501946,0.06182739552966148,64.7532204547432,47
902,39,qxy,0,1588,9,Attacks on religious establishments are being put out there in order to raise fear and to galvanize people to come to Leicester,0,1,1,5629,14,11,3,0.8571428571428571,1.4622863707497102,2687,165.55882352941177,0.4117647058823529,0.3235294117647059,0.08823529411764706,0.025210084033613443,0.04300842266910913,79.02941176470588,183.1636917853864,0.45555013057299865,0.35793224545021324,0.09761788512278542,0.027890824320795836,0.04758176765215334,87.43308577497481,106
902,39,qxy,0,1588,10,"The full force of hurricane Fiona has been battering Grand Turk, the main island at the British Caribbean territory of Turks and Caicos",0,0,1,5389,13,9,4,0.9230769230769231,0.8345678490592324,3973,163.3030303030303,0.3939393939393939,0.2727272727272727,0.12121212121212122,0.027972027972027972,0.02528993481997674,120.39393939393939,158.04954472458567,0.381266298277902,0.2639535911154706,0.11731270716243138,0.02707216319133032,0.02447635342096649,116.52084638908497,113
902,39,qxy,0,1588,11,Uploaded video shows deluges of near horizontal rain blown by winds gusting up to 185 kilometres an hour,0,1,1,5348,13,11,2,0.9230769230769231,0.9803094539551775,3948,198.07407407407408,0.48148148148148145,0.4074074074074074,0.07407407407407407,0.03418803418803419,0.03630775755389547,146.22222222222223,207.79087605800288,0.5051012320033728,0.4273933501567,0.07770788184667272,0.03586517623692587,0.038088885610562596,153.39535876533196,87
902,39,qxy,0,1588,12,A curfew is in place on the islands,0,0,1,4548,11,9,2,1.0,0.7296174111281385,1678,454.8,1.1,0.9,0.2,0.1,0.07296174111281385,167.8,533.4796383762082,1.2902981579019985,1.055698492828908,0.23459966507309066,0.11729983253654533,0.08558400014107839,196.82911899632307,28
902,39,qxy,0,1588,13,The far-right Italian party Brothers of Italy has suspended one of its candidates for praising Adolf Hitler on social media days before a general election in which he’s predicted to come top,0,1,1,9283,19,17,2,0.9473684210526315,0.9066469173199705,4543,189.44897959183675,0.3877551020408163,0.3469387755102041,0.04081632653061224,0.01933404940923738,0.01850299831265246,92.71428571428571,198.93635830671113,0.40717341461031037,0.3643130551776461,0.04286035943266425,0.020302275520735696,0.019429606377425482,97.35730645129685,159
902,39,qxy,0,1589,0,"In a Facebook post in 2014, Calogero Pisano, who had a leadership role, compared the party leader Giorgia Meloni to a great statesman of 70 years ago, adding that he was referring to a German and not the Italian dictator Benito Mussolini",0,1,1,8427,21,18,3,0.9047619047619048,-0.8270393327607973,-8570,138.14754098360655,0.3442622950819672,0.29508196721311475,0.04918032786885246,0.01483216237314598,-0.013558021848537662,-140.49180327868854,148.4752304359959,0.3699987942513248,0.31714182364399274,0.05285697060733212,0.01594099113554461,-0.014571597900948344,-150.99474603494542,196
1073,19,xuhailin,0,1824,0,Pro-government rallies are being held in parts of Iran in an attempt by the authorities to counter protests sparked by the death of a woman in police custody,0,0,1,36836,48,36,12,0.9583333333333334,-0.024135186228971414,-325946,920.9,1.2,0.9,0.3,0.023958333333333335,-0.0006033796557242853,-8148.65,985.3886039154578,1.2840333637729933,0.9630250228297449,0.3210083409432483,0.02563608278366219,-0.0006456330074765372,-8719.282058090668,130
1073,19,xuhailin,0,1824,1,"However, a BBC correspondent says videos and state television appear to show a low turnout",0,1,1,33673,41,29,12,0.975609756097561,1.2061949056507366,3870,1464.0434782608695,1.7826086956521738,1.2608695652173914,0.5217391304347826,0.042417815482502653,0.052443256767423334,168.2608695652174,1615.2121867871526,1.9666706161694312,1.3910597041198416,0.5756109120495896,0.046797635125982895,0.0578582458125991,185.63451913599266,76
1073,19,xuhailin,0,1824,2,Iranian state television says 41 people have been killed since anti-government unrest began more than a week ago,0,1,1,12145,20,17,3,0.95,1.1385936229408415,2429,449.81481481481484,0.7407407407407407,0.6296296296296297,0.1111111111111111,0.03518518518518518,0.04217013418299413,89.96296296296296,445.3667029255114,0.7334157314541151,0.6234033717359978,0.11001235971811726,0.03483724724407046,0.04175312373990741,89.07334058510227,95
1073,19,xuhailin,0,1824,3,At least 23 people were killed when an overcrowded boat capsized in a river in northern Bangladesh,0,1,1,9579,13,12,1,0.9230769230769231,0.9201159966640676,2532,416.4782608695652,0.5652173913043478,0.5217391304347826,0.043478260869565216,0.04013377926421405,0.04000504333322033,110.08695652173913,411.3563873972279,0.5582663154988999,0.5153227527682154,0.042943562730684615,0.03964021175140118,0.03951305902224978,108.73310083409343,82
1073,19,xuhailin,0,1824,4,Rescuers managed to pull some people from the water,0,1,1,5729,8,6,2,1.0,1.0113889891531256,953,440.6923076923077,0.6153846153846154,0.46153846153846156,0.15384615384615385,0.07692307692307693,0.0777991530117789,73.3076923076923,428.2662729671715,0.5980328475715434,0.4485246356786576,0.14950821189288585,0.07475410594644293,0.07560547964821857,71.24066296696012,43
1073,19,xuhailin,0,1824,5,But dozens are still missing,0,1,1,767,3,1,2,1.0,0.5817120959911223,801,127.83333333333333,0.5,0.16666666666666666,0.3333333333333333,0.16666666666666666,0.09695201599852038,133.5,101.66572587402614,0.3976495145007541,0.13254983816691804,0.2650996763338361,0.13254983816691804,0.07710584418336194,106.17242037170135,24
1073,19,xuhailin,0,1824,6,The accident happened on Sunday in the Karatoya river in Panchgarh district,0,1,1,15088,24,17,7,0.9583333333333334,0.7473824500181032,5016,754.4,1.2,0.85,0.35,0.04791666666666667,0.03736912250090516,250.8,829.3366063968482,1.3191992678634914,0.9344328147366397,0.38476645312685165,0.05267635965427136,0.041081099203246006,275.7126469834697,64
1073,19,xuhailin,0,1824,7,Most of the passengers were Hindu pilgrims,0,1,0,9925,16,9,7,0.9375,0.8458111365944785,3815,902.2727272727273,1.4545454545454546,0.8181818181818182,0.6363636363636364,0.08522727272727272,0.07689192150858895,346.8181818181818,940.2402492163832,1.515752542817343,0.8526108053347555,0.6631417374825876,0.0888136255557037,0.08012752381476924,361.41224692801023,36
1073,19,xuhailin,0,1824,8,"Police in northern Kenya say cattle rustlers have killed at least 11 people, including 8 officers",0,1,1,13925,25,17,8,1.0,0.7203531943041235,3580,580.2083333333334,1.0416666666666667,0.7083333333333334,0.3333333333333333,0.041666666666666664,0.03001471642933848,149.16666666666666,591.5472647250326,1.0620238145871321,0.7221761939192498,0.33984762066788227,0.04248095258348528,0.030601289890595632,152.0818102488773,82
1073,19,xuhailin,0,1824,9,A local chief was also among the victims of the violence on Saturday in Turkana County,0,1,1,17972,33,26,7,0.9696969696969697,0.7829383250204724,5823,748.8333333333334,1.375,1.0833333333333333,0.2916666666666667,0.04040404040404041,0.03262243020918635,242.625,838.5454949806491,1.5397285407501347,1.213119456348591,0.32660908440154374,0.04524454848852554,0.03653068135397354,271.69209978145557,71
1073,19,xuhailin,0,1824,10,Here’s Will Ross,0,1,0,4905,4,3,1,0.75,0.43069471526132536,2947,1635.0,1.3333333333333333,1.0,0.3333333333333333,0.25,0.14356490508710845,982.3333333333334,1074.6331774532334,0.8763573312564594,0.6572679984423446,0.21908933281411486,0.16431699961058616,0.09436061781316894,645.6562638031965,14
1073,19,xuhailin,0,1824,11,A statement from the Kenyan police force described this as a criminal and cowardly ambush,0,0,1,6396,11,11,0,1.0,1.2325136556815044,936,278.0869565217391,0.4782608695652174,0.4782608695652174,0.0,0.043478260869565216,0.05358755024702193,40.69565217391305,301.6837542236617,0.5188432295904125,0.5188432295904125,0.0,0.04716756632640114,0.058134669602552494,44.14884208151147,75
1073,19,xuhailin,0,1824,12,Officers have been deployed to a remote part of Turkana County to recover stolen cattle when they were attacked,0,1,1,37869,65,47,18,0.9692307692307692,1.002661249221749,10694,1352.4642857142858,2.3214285714285716,1.6785714285714286,0.6428571428571429,0.03461538461538462,0.03580933032934818,381.92857142857144,1367.3888215171155,2.3470456943307854,1.6970945789776446,0.6499511153531405,0.034997367749784486,0.0362044887362805,386.14317931036027,93
1073,19,xuhailin,0,1824,13,The authorities have blamed what they called bandits from the Pokot ethnic group,0,1,1,9927,22,19,3,0.9545454545454546,0.7836939616285336,3198,551.5,1.2222222222222223,1.0555555555555556,0.16666666666666666,0.05303030303030303,0.04353855342380742,177.66666666666666,480.02061837313084,1.0638111820498517,0.9187460208612356,0.14506516118861615,0.04615709674183241,0.03789556362206279,154.63946182706482,68
1073,19,xuhailin,0,1824,14,Cattle rustling and clashes over access to pasture are common in the country's arid areas,0,1,1,12632,22,20,2,0.9090909090909091,1.227482089634187,3751,574.1818181818181,1.0,0.9090909090909091,0.09090909090909091,0.04132231404958678,0.05579464043791759,170.5,558.7421796820877,0.9731101926065491,0.8846456296423173,0.08846456296423173,0.04021116498374169,0.05429433330295513,165.9152878394166,75
1073,19,xuhailin,0,1824,15,"The ongoing drought in Kenya, the worst in four decades, has fueled tension as well over a million highly prized livestock have died",0,1,0,12640,20,17,3,0.95,1.1668954685860746,2683,421.3333333333333,0.6666666666666666,0.5666666666666667,0.1,0.03166666666666666,0.03889651561953582,89.43333333333334,381.3715365708721,0.6034359755868228,0.5129205792487994,0.09051539633802343,0.028663208840374085,0.03520733527470404,80.95093612497229,110
1073,19,xuhailin,0,1824,16,Kenya's new president William Ruto has pledged to end the insecurity,0,1,1,6442,7,6,1,0.8571428571428571,1.6982596333730937,931,357.8888888888889,0.3888888888888889,0.3333333333333333,0.05555555555555555,0.047619047619047616,0.09434775740961632,51.72222222222222,383.19165520958387,0.4163833571044842,0.35690002037527213,0.05948333672921203,0.050985717196467446,0.1010181496255599,55.378986494896395,58
1073,19,xuhailin,0,1824,17,The South Korean government says it will buy nearly half a million tonnes of rice this year from the country's farmers to stabilize falling prices,0,1,1,9323,22,20,2,0.9545454545454546,0.9193629677616139,3319,258.97222222222223,0.6111111111111112,0.5555555555555556,0.05555555555555555,0.026515151515151516,0.025537860215600384,92.19444444444444,256.1926781235161,0.6045520667936667,0.5495927879942424,0.05495927879942424,0.026230564881543388,0.02526376283153831,91.20492316764452,122
1073,19,xuhailin,0,1824,18,South Korea has grown too much rice for a number of years because consumption habits have changed,0,1,1,4517,10,10,0,0.9,1.4200435349388805,1136,205.3181818181818,0.45454545454545453,0.45454545454545453,0.0,0.04090909090909091,0.06454743340631275,51.63636363636363,184.67750497635768,0.40884991139330906,0.40884991139330906,0.0,0.036796492025397816,0.058058467343440265,46.44534993427991,81
1073,19,xuhailin,0,1825,0,"Officials have tried to persuade farmers to grow other crops such as wheat and soybeans, but with limited success",0,1,1,8793,20,15,5,0.95,-0.3628833905194928,-8872,314.0357142857143,0.7142857142857143,0.5357142857142857,0.17857142857142858,0.033928571428571426,-0.012960121089981886,-316.85714285714283,307.75728587147,0.7000051992982372,0.525003899473678,0.1750012998245593,0.03325024696666627,-0.012701013005130882,-310.52230640869806,95
1130,16,liuyiting,0,1929,0,"While human achievements in mathematics continue to reach new levels of complexity, many of us who aren't mathematicians at heart (or engineers by trade) may struggle to remember the last time we used calculus",0,1,1,5394,15,13,2,0.8666666666666667,-0.047740062617483855,-92446,94.63157894736842,0.2631578947368421,0.22807017543859648,0.03508771929824561,0.0152046783625731,-0.0008375449582014711,-1621.859649122807,108.9161435854587,0.30288137815756033,0.26249719440321895,0.04038418375434138,0.0174998129602146,-0.0009639717305941159,-1866.6781256769216,176
1130,16,liuyiting,0,1929,1,"It's a fact not lost on American educators, who amid rising math failure rates are debating how math can better meet the real-life needs of students",0,1,1,5965,15,13,2,0.8666666666666667,0.29362744400352575,13314,152.94871794871796,0.38461538461538464,0.3333333333333333,0.05128205128205128,0.022222222222222223,0.007528908820603224,341.38461538461536,160.4854961331311,0.4035678863364571,0.34975883482492953,0.053809051511527616,0.023317255654995303,0.007899907129791954,358.20685591223935,123
1130,16,liuyiting,0,1929,2,"Should we change the way math is taught in schools, or eliminate some courses entirely",0,1,1,2408,6,6,0,1.0,0.6349515162744733,1542,120.4,0.3,0.3,0.0,0.05,0.031747575813723665,77.1,112.41988440282462,0.2801159910369384,0.2801159910369384,0.0,0.0466859985061564,0.029643345540271804,71.98980969649317,72
1130,16,liuyiting,0,1929,3,"Andrew Hacker, Queens College political science professor, thinks that advanced algebra and other higher-level math should be cut from curricula in favor of courses with more routine usefulness, like statistics",0,1,1,3335,6,4,2,0.8333333333333334,0.8377417631938188,2677,59.55357142857143,0.10714285714285714,0.07142857142857142,0.03571428571428571,0.014880952380952382,0.014959674342746764,47.80357142857143,65.88608327165603,0.11853568204795689,0.07902378803197126,0.03951189401598563,0.016463289173327348,0.01655038188003955,52.88667014039677,181
1130,16,liuyiting,0,1929,4,"""We hear on all sides that we're not teaching enough mathematics, and the Chinese are running rings around us,"" Hacker says",0,1,1,4284,10,7,3,0.8,0.9645931601583091,3665,153.0,0.35714285714285715,0.25,0.10714285714285714,0.028571428571428574,0.03444975571993961,130.89285714285714,136.04422952684365,0.31756356098703,0.22229449269092097,0.09526906829610898,0.025405084878962397,0.030631963884360514,116.38704510174648,103
1130,16,liuyiting,0,1929,5,"""I'm suggesting we're teaching too much mathematics to too many people",0,1,1,1867,4,4,0,1.0,0.5926417370325693,1658,103.72222222222223,0.2222222222222222,0.2222222222222222,0.0,0.05555555555555555,0.03292454094625385,92.11111111111111,108.35516314802823,0.23214818028500958,0.23214818028500958,0.0,0.058037045071252395,0.03439517520326454,96.22542072813647,60
1130,16,liuyiting,0,1929,6,Not everybody has to know calculus,0,1,1,0,0,0,0,0.0,0.0,0,0.0,0.0,0.0,0.0,0.0,0.0,0.0,0.0,0.0,0.0,0.0,0.0,0.0,0.0,29
1130,16,liuyiting,0,1929,7,"If you're going to become an aeronautical engineer, fine",0,1,1,1715,6,5,1,0.8333333333333334,0.5597330728490065,3359,107.1875,0.375,0.3125,0.0625,0.052083333333333336,0.03498331705306291,209.9375,128.55277923360606,0.4497473325957064,0.37478944382975526,0.07495788876595105,0.06246490730495922,0.04195640941323981,251.7835483648296,48
1130,16,liuyiting,0,1929,8,"But most of us aren't""",0,1,1,586,1,1,0,1.0,0.9229865771812079,298,97.66666666666667,0.16666666666666666,0.16666666666666666,0.0,0.16666666666666666,0.153831096196868,49.666666666666664,100.7372876133429,0.17190663415246227,0.17190663415246227,0.0,0.17190663415246227,0.1586675158511233,51.22817697743376,18
1130,16,liuyiting,0,1929,9,"Instead, Hacker is pushing for more courses like the one he teaches at Queens College: Numeracy 101",0,1,1,4154,8,6,2,0.875,0.8803236912407826,2723,159.76923076923077,0.3076923076923077,0.23076923076923078,0.07692307692307693,0.03365384615384615,0.03385860350926087,104.73076923076923,166.78676177257717,0.3212070520415545,0.24090528903116587,0.08030176301038862,0.03513202131704502,0.03534577221322392,109.33085033864411,83
1130,16,liuyiting,0,1929,10,"There, his students of ""citizen statistics"" learn to analyze public information like the federal budget and corporate reports",0,0,1,5661,13,11,2,0.8461538461538461,0.9664613417105868,4217,161.74285714285713,0.37142857142857144,0.3142857142857143,0.05714285714285714,0.024175824175824177,0.02761318119173105,120.48571428571428,188.43135616773412,0.43271641585948484,0.36614465957341025,0.06657175628607459,0.02816497381333925,0.03216951445013492,140.36654812918826,108
1130,16,liuyiting,0,1929,11,"Such courses, Hacker argues, are a remedy for the numerical illiteracy of adults who have completed high-level math like algebra but are unable to calculate the price of, say, a carpet by area",0,1,1,8196,21,15,6,0.9523809523809523,0.49365558146630223,11803,149.01818181818183,0.38181818181818183,0.2727272727272727,0.10909090909090909,0.017316017316017316,0.008975556026660041,214.6,174.67119722129428,0.4475469914162005,0.3196764224401432,0.1278705689760573,0.020296915710485284,0.010520670013383745,251.5427209374007,160
1149,50,dongfang,0,1959,0,What we have just seen to hold in the case of my (former) account also holds for Lewis’s account,0,1,1,5531,11,10,1,0.9090909090909091,-0.020061620923463058,-119358,240.47826086956522,0.4782608695652174,0.43478260869565216,0.043478260869565216,0.039525691699604744,-0.0008722443879766547,-5189.478260869565,222.1853461297871,0.44188009535846284,0.4017091775986026,0.04017091775986026,0.03651901614532751,-0.0008058937242459263,-4794.720401981401,78
1149,50,dongfang,0,1959,1,His account too says that to have psychological states is just to be a “model” of a certain theory,0,1,1,3193,8,7,1,0.875,0.7722108157143465,3153,114.03571428571429,0.2857142857142857,0.25,0.03571428571428571,0.03125,0.027578957704083803,112.60714285714286,137.66291512214866,0.3449117823292168,0.30179780953806473,0.0431139727911521,0.03772472619225809,0.03329307609774171,135.93835621050258,80
1149,50,dongfang,0,1959,2,He too needs to restrict the notion of a “realizer” so that highly disjunctive physical states (like the ones used in the proof in the Appendix) do not count as realizers even if they satisfy the postulates of folk psychology,0,1,1,9072,26,21,5,0.9230769230769231,0.7222424467782228,7106,146.32258064516128,0.41935483870967744,0.3387096774193548,0.08064516129032258,0.01488833746898263,0.0116490717222294,114.61290322580645,166.2834406782613,0.476561889069091,0.38491537194041964,0.09164651712867135,0.016919357008370096,0.013238200953942781,130.24803014326773,186
1149,50,dongfang,0,1959,3,Lewis does this by requiring the realizers to have the metaphysical property he calls naturalness or elite,0,1,1,4369,9,9,0,0.8888888888888888,0.7780342181673328,3327,145.63333333333333,0.3,0.3,0.0,0.029629629629629627,0.02593447393891109,110.9,172.59426821183064,0.3555386619149635,0.3555386619149635,0.0,0.035114929571848245,0.030735693872363145,131.43079202123153,90
1149,50,dongfang,0,1959,4,"But this means that his theory requires that each organism to which folk psychology applies be a model for folk psychology in just the sense that my account in “Philosophy and Our Mental Life” required, that is, that such an organism possess one physical state per propositional attitude",0,1,1,13079,23,23,0,0.8695652173913043,0.6695127870936644,9016,169.85714285714286,0.2987012987012987,0.2987012987012987,0.0,0.01129305477131564,0.008694971260956679,117.0909090909091,185.4231630633993,0.3260748337379145,0.3260748337379145,0.0,0.01232797102978883,0.00949179437986845,127.8213348252625,240
1149,50,dongfang,0,1959,5,But we have seen that we are not models of propositional-attitude theory in that (highly reductionist) sense,0,1,0,5050,13,11,2,0.9230769230769231,0.8492479772964517,2821,174.13793103448276,0.4482758620689655,0.3793103448275862,0.06896551724137931,0.03183023872679045,0.029284413010222474,97.27586206896552,206.89546241714885,0.5326021804797891,0.4506633834828985,0.08193879699689063,0.03781790630625722,0.03479317880585697,115.57467316411424,92
1149,50,dongfang,0,1959,6,"I can exploit my arguments to make a further point: folk psychology cannot play the explanatory role Lewis wishes it to play, the role of defining the propositional attitudes",0,1,1,4737,13,12,1,0.8461538461538461,0.4446238450005907,5550,100.7872340425532,0.2765957446808511,0.2553191489361702,0.02127659574468085,0.01800327332242226,0.009460081808523207,118.08510638297872,115.4888354833643,0.3169421282000709,0.29256196449237315,0.02438016370769776,0.020629369291128873,0.010840002129460437,135.30990857772258,146
1149,50,dongfang,0,1959,7,"If it could play this role, the “platitudes which are common knowledge among us” would already constitute a survey of all possible ways of having any belief that we can describe",0,1,1,7576,20,18,2,0.9,0.7468335268432508,6682,172.1818181818182,0.45454545454545453,0.4090909090909091,0.045454545454545456,0.020454545454545454,0.016973489246437518,151.86363636363637,172.89180350499134,0.45641975582099087,0.4107777802388918,0.045641975582099086,0.02053888901194459,0.017043478798036298,152.48984041979304,147
1149,50,dongfang,0,1959,8,And Lewis has not given us any reason to believe that they do this,0,1,1,3018,7,6,1,1.0,0.6003163305654408,1686,177.52941176470588,0.4117647058823529,0.35294117647058826,0.058823529411764705,0.058823529411764705,0.03531272532737887,99.17647058823529,171.5813990161169,0.39796878499430693,0.34111610142369164,0.05685268357061527,0.05685268357061527,0.03412959438390988,95.85362450005735,53
1149,50,dongfang,0,1959,9,Consider the belief that (apart from dirt) snow is normally white,0,0,1,4628,12,9,3,0.9166666666666666,0.7797652315089306,3556,289.25,0.75,0.5625,0.1875,0.057291666666666664,0.048735326969308164,222.25,273.65313286356877,0.7095586850395043,0.5321690137796282,0.17738967125987606,0.05420239955162879,0.04610743269241678,210.26589033337308,55
1149,50,dongfang,0,1959,10,Suppose someone who lives in a future super-scientific culture (and who speaks a language unrelated to any present-day language) has a belief that should be so interpreted,0,1,1,6393,17,16,1,0.9411764705882353,0.997859940267463,5256,138.97826086956522,0.3695652173913043,0.34782608695652173,0.021739130434782608,0.020460358056265983,0.02169260739711876,114.26086956521739,165.63848513804714,0.44045897815529506,0.4145496264991012,0.025909351656193826,0.024385272147005956,0.025853904096018267,136.17955230495477,145
1149,50,dongfang,0,1960,0,A problem in the radical interpretation of a language spoken by beings more sophisticated than we,0,1,1,2749,7,7,0,0.8571428571428571,-0.01922191683124794,-63149,91.63333333333334,0.23333333333333334,0.23333333333333334,0.0,0.02857142857142857,-0.000640730561041598,-2104.9666666666667,128.44247561907562,0.32706341554511803,0.32706341554511803,0.0,0.04004858149532057,-0.0008981122531645919,-2950.532518322665,82
1149,50,dongfang,0,1960,1,"How would this be determined using beliefs of our culture such that “everyone knows them, everyone knows that everyone knows them, and so on”",0,1,1,4032,10,10,0,0.9,0.6638662015353245,4196,115.2,0.2857142857142857,0.2857142857142857,0.0,0.025714285714285714,0.01896760575815213,119.88571428571429,112.513666832714,0.2790517530573264,0.2790517530573264,0.0,0.025114657775159373,0.018525302733394065,117.09011558285414,118
1149,50,dongfang,0,1960,2,These future speakers might believe that snow is white on the basis of a quantum mechanical calculation,0,1,1,4461,12,11,1,0.9166666666666666,0.5859150679830207,4148,159.32142857142858,0.42857142857142855,0.39285714285714285,0.03571428571428571,0.03273809523809524,0.02092553814225074,148.14285714285714,179.5034077904831,0.4828605455023083,0.4426221667104493,0.04023837879185902,0.0368851805592041,0.02357627244535862,166.90879522863122,87
1149,50,dongfang,0,1960,3,Perhaps it snows so rarely that that is now the “normal” way of fixing the belief that snow is white,0,1,1,5239,16,14,2,0.9375,0.7676766468154504,3841,218.29166666666666,0.6666666666666666,0.5833333333333334,0.08333333333333333,0.0390625,0.031986526950643766,160.04166666666666,201.30745387051232,0.6147965760504289,0.5379470040441253,0.07684957200630362,0.03602323687795482,0.029497810873500833,147.58960303810608,81
1149,50,dongfang,0,1960,4,So our platitudes about what “sensory stimulations” cause one to go into the mental state of believing that snow is white “with so-and-so probability” will not apply to these speakers,0,1,1,5665,15,15,0,0.8666666666666667,0.6718266893762541,6296,118.02083333333333,0.3125,0.3125,0.0,0.018055555555555557,0.013996389362005294,131.16666666666666,127.4511504293101,0.33746994817999143,0.33746994817999143,0.0,0.01949826367262173,0.015114754536649313,141.6473862494151,154
1149,50,dongfang,0,1960,5,"Imagine that they not only come to the belief in a different way than we, but that the sensory stimulations that suffice for us do not suffice for most of them, at least without lengthy calculation, they do not go immediately from the sensory stimulations to the “mental state”",0,1,1,8562,21,19,2,0.9047619047619048,0.6989907434656388,9274,114.16,0.28,0.25333333333333335,0.02666666666666667,0.012063492063492064,0.009319876579541852,123.65333333333334,126.46200188868657,0.3101730950318171,0.28063280026688214,0.029540294764934964,0.01336346667937534,0.010324196299968004,136.97834682500343,229
1158,45,ln,0,1984,0,"Many years ago, I published a series of papers in which I proposed a model of the mind which became widely known under the name “functionalism”",0,1,1,4701,12,11,1,0.8333333333333334,-0.02661731693964839,-145815,127.05405405405405,0.32432432432432434,0.2972972972972973,0.02702702702702703,0.022522522522522525,-0.0007193869443148214,-3940.945945945946,139.78496923919664,0.35682187425449047,0.32708671806661627,0.029735156187874208,0.024779296823228505,-0.0007914700765025948,-4335.831799534877,118
1158,45,ln,0,1984,1,"According to this model, psychological states (“believing that p,” “desiring that p,” “considering whether p,” and so on) are simply “computational states” of the brain",0,0,1,8906,22,17,5,0.9545454545454546,0.8634442209523094,4731,202.4090909090909,0.5,0.38636363636363635,0.11363636363636363,0.02169421487603306,0.019623732294370668,107.52272727272727,226.69419595885427,0.5599901539518071,0.43271966441730547,0.12727048953450162,0.024297093456586673,0.02197819373726736,120.42333719754542,144
1158,45,ln,0,1984,2,The proper way to think of the brain is as a digital computer,0,1,1,2019,3,3,0,1.0,0.6531683208799732,683,112.16666666666667,0.16666666666666666,0.16666666666666666,0.0,0.05555555555555555,0.03628712893777629,37.94444444444444,133.66954790409946,0.19861745602392195,0.19861745602392195,0.0,0.06620581867464065,0.04324354341619901,45.21857415477956,49
1158,45,ln,0,1984,3,"Our psychology is to be described as the software of this computer, its “functional Organization”",0,1,1,4262,9,9,0,0.8888888888888888,0.7257992203369267,2549,152.21428571428572,0.32142857142857145,0.32142857142857145,0.0,0.031746031746031744,0.02592140072631881,91.03571428571429,194.72579518749026,0.4111994736479147,0.4111994736479147,0.0,0.0406122936936212,0.033160917486290124,116.4608287031705,83
1158,45,ln,0,1984,4,"According to the version of functionalism that I originally proposed, mental states can be defined in terms of Turing machine states and loadings of the memory (the paper tape of the Turing machine)",0,1,1,8786,19,15,4,0.8947368421052632,0.6872619907025032,6517,165.77358490566039,0.3584905660377358,0.2830188679245283,0.07547169811320754,0.016881827209533268,0.012967207371745343,122.9622641509434,184.06936980317994,0.3980557735329409,0.3142545580523218,0.08380121548061914,0.018745008725927964,0.014398347543624934,136.53313032179872,166
1158,45,ln,0,1984,5,"The upshot of our discussion for the philosophy of mind is that propositional attitudes, as philosophers call them, that is, such things as believing that snow is white and feeling certain that the cat is on the mat, are not “states” of the human brain and nervous system considered in isolation from the social and nonhuman environment",0,0,1,19198,43,34,9,0.9302325581395349,0.8662758650183056,9894,223.2325581395349,0.5,0.3953488372093023,0.10465116279069768,0.01081665765278529,0.01007297517463146,115.04651162790698,234.3290077293962,0.5248540125202644,0.4150008471090463,0.10985316541121813,0.011354332342244769,0.010573682876844665,120.76524650873247,280
1158,45,ln,0,1984,6,"A fortiori, they are not “functional states”, that is, states definable in terms of parameters which would enter into a software description of the organism",0,1,1,7349,19,16,3,0.9473684210526315,0.6295444011073583,4922,183.725,0.475,0.4,0.075,0.023684210526315787,0.01573861002768396,123.05,200.8283763787131,0.519218825853252,0.43723690598168585,0.0819819198715661,0.02588902732786298,0.017203752882392172,134.5050032026161,132
1158,45,ln,0,1984,7,"Functionalism, construed as the thesis that propositional attitudes are just computational states of the brain, cannot be correct",0,1,1,6151,13,11,2,0.9230769230769231,0.8833697599952033,3156,180.91176470588235,0.38235294117647056,0.3235294117647059,0.058823529411764705,0.027149321266968326,0.025981463529270686,92.82352941176471,209.0454709000777,0.4418128957406942,0.3738416810113567,0.06797121472933758,0.03137132987507888,0.03002185782101868,107.25857684289468,112
1158,45,ln,0,1984,8,One way of trying to meet this objection was discussed in an earlier chapter,0,1,1,3960,12,8,4,0.9166666666666666,0.6431798580956855,3868,188.57142857142858,0.5714285714285714,0.38095238095238093,0.19047619047619047,0.04365079365079365,0.030627612290270737,184.1904761904762,209.31291034836133,0.6342815465101859,0.42285436434012386,0.21142718217006193,0.048452062580639194,0.03399642625642777,204.4500851584499,63
1158,45,ln,0,1984,9,"This is to say, “Yes, but a component of meaning, call it ‘content,’ and a similar component of the propositional attitudes is ‘in the head,’ and this component could be a computational state of the brain in the case of each ‘meaning’ and each ‘propositional attitude’”",0,0,1,11108,33,26,7,0.9393939393939394,0.7397697939810103,9049,156.45070422535213,0.4647887323943662,0.36619718309859156,0.09859154929577464,0.013230900554844218,0.010419292872971976,127.45070422535211,178.7629520915161,0.5310746686190161,0.4184224661846794,0.11265220243433675,0.01511782803231359,0.01190524236947948,145.62711140404474,224
1158,45,ln,0,1984,10,"Certainly, one must be in an appropriate physical state, an appropriate computational state, and so on, to believe that there is a cat on the mat, but not in the sense that there is one physical state or one computational state that one must be in to believe that there is a cat on the mat",0,1,1,10870,25,21,4,0.92,0.8327416241365009,7426,139.35897435897436,0.32051282051282054,0.2692307692307692,0.05128205128205128,0.011794871794871795,0.010676174668416678,95.2051282051282,155.96726537559468,0.35871036194938977,0.3013167040374874,0.05739365791190237,0.013200541319737543,0.011948521976173077,106.55132591344673,234
1158,45,ln,0,1985,0,It was an insight of functionalism to point out that the different physical states one might be in while believing that a cat is on the mat need not have anything “in common” that can be specified in physical or chemical terms,0,1,1,12554,27,25,2,0.9259259259259259,-0.18555316763347235,-25660,209.23333333333332,0.45,0.4166666666666667,0.03333333333333333,0.0154320987654321,-0.003092552793891206,-427.6666666666667,227.68353852218445,0.48968102119635015,0.4534083529595835,0.03627266823676668,0.016792901961466055,-0.0033652542449250475,-465.37833347771647,185
1158,45,ln,0,1985,1,"Just as this was an insight, so the upshot of our discussion here was that the different computational states one might be in while believing that a cat is on the mat need not have anything “in common” that can be specified in computational terms",0,1,1,4817,12,11,1,0.8333333333333334,0.40762248077839824,7535,74.1076923076923,0.18461538461538463,0.16923076923076924,0.015384615384615385,0.012820512820512822,0.0062711150888984345,115.92307692307692,80.62470153565378,0.20085040864186118,0.18411287458837275,0.016737534053488434,0.013947945044573695,0.0068225951529958745,126.11731909303533,202
1183,47,qxy,0,2019,0,The end of an investigation like the one just completed is an appropriate time to reexamine the reasons for undertaking the investigation in the first place; for no philosophical investigation looks quite the same at the end as it did when one started,0,0,1,19611,46,42,4,0.8913043478260869,-0.10137239308373204,-113307,276.2112676056338,0.647887323943662,0.5915492957746479,0.056338028169014086,0.012553582363747703,-0.001427780184277916,-1595.8732394366198,331.23641877189607,0.7769555485955443,0.7093941965437579,0.06756135205178647,0.015054431707191548,-0.001712213984365526,-1913.793529232942,209
1183,47,qxy,0,2019,1,My reasons for undertaking this project were many,0,0,1,3738,10,10,0,1.0,0.8451397763731539,1504,311.5,0.8333333333333334,0.8333333333333334,0.0,0.08333333333333333,0.07042831469776283,125.33333333333333,305.38322182130395,0.8169695607846548,0.8169695607846548,0.0,0.08169695607846547,0.06904534719052169,122.87222194201208,42
1183,47,qxy,0,2019,2,"Some readers of the preceding pages have expressed surprise at what they called my “realist tone”; as though, by reacting to “mentalist” and “functionalist” proposals in the way that I have, I was renouncing my supposed “antirealism”",0,0,1,13571,35,35,0,0.8857142857142857,1.0160388753899494,9455,230.01694915254237,0.5932203389830508,0.5932203389830508,0.0,0.015012106537530266,0.017220997887965245,160.25423728813558,253.44163327505635,0.6536332742338054,0.6536332742338054,0.0,0.016540923674488135,0.018974766196284742,176.57436022516086,197
1183,47,qxy,0,2019,3,Others have asked me to explain where the present inquiry “fits in” to my ongoing project of developing a third way (“internal realism”) between classical realism and antirealism,0,0,1,9700,28,27,1,0.8214285714285714,0.9601742306332877,10485,202.08333333333334,0.5833333333333334,0.5625,0.020833333333333332,0.017113095238095236,0.02000362980486016,218.4375,228.2628135125071,0.6589029668402266,0.6353707180245043,0.02353224881572238,0.01933006152720053,0.02259505890170733,246.7356288328492,151
1183,47,qxy,0,2019,4,In this closing chapter I want to respond to these requests and reactions,0,1,1,3003,9,8,1,0.8888888888888888,1.3310798286271377,1806,158.05263157894737,0.47368421052631576,0.42105263157894735,0.05263157894736842,0.04678362573099415,0.07005683308563883,95.05263157894737,169.90601728686417,0.5092088430175749,0.4526300826822888,0.0565787603352861,0.0502922314091432,0.07531084661102852,102.1812411655267,61
1183,47,qxy,0,2019,5,Let me begin by admitting that I have long felt an approach or avoidance conflict where “metaphysical realism” is concerned,0,1,0,4806,17,16,1,0.8823529411764706,0.7434582132543489,6224,150.1875,0.53125,0.5,0.03125,0.027573529411764705,0.023233069164198403,194.5,167.32032085341146,0.5918529867890127,0.5570381052131884,0.034814881575824276,0.030719013155139065,0.025883409651024064,216.68782292793028,104
1183,47,qxy,0,2019,6,"In various places I have described metaphysical realism as a bundle of intimately associated philosophical ideas about truth: the ideas that truth is a matter of Correspondence and that it exhibits Independence (of what humans do or could find out), Bivalence, and Uniqueness (there cannot be more than one complete and true description of Reality); but I do not think that this characterization caught the appeal of metaphysical realism to me, which was, of course, a grave defect",0,1,0,10327,28,27,1,0.8571428571428571,0.9059479629819571,10370,80.6796875,0.21875,0.2109375,0.0078125,0.006696428571428571,0.00707771846079654,81.015625,92.43770498544484,0.25062997381547936,0.2416789033220694,0.008951070493409978,0.007672346137208552,0.008109204080012672,92.82260101666147,404
1183,47,qxy,0,2019,7,What I used to find seductive about metaphysical realism is the idea that the way to solve philosophical problems is to construct a much more better scientific picture of the world,0,1,0,2308,8,7,1,0.875,0.7376139832694594,4753,48.083333333333336,0.16666666666666666,0.14583333333333334,0.020833333333333332,0.018229166666666668,0.015366957984780404,99.02083333333333,54.18397724300683,0.18781274607628018,0.16433615281674516,0.023476593259535022,0.020542019102093145,0.017316663467762568,111.58424776256996,150
1183,47,qxy,0,2020,0,"That idea retains the ancient principle that Being is prior to Knowledge, while giving it a distinctively modem twist: all philosophers must be a good “futurist”, anticipate for us how science will solve our philosophical problems",0,1,1,7294,18,17,1,0.8333333333333334,-0.09976891568372172,-56149,123.62711864406779,0.3050847457627119,0.288135593220339,0.01694915254237288,0.014124293785310734,-0.0016909985709105376,-951.6779661016949,135.98177913454484,0.3355733513054301,0.3169303873440173,0.018642963961412785,0.01553580330117732,-0.0018599882995608546,-1046.7837834693664,195
1183,47,qxy,0,2020,1,From this idea I was led naturally to the thought that science should be understood “without philosophical reinterpretation”,0,1,1,3567,9,9,0,0.8888888888888888,1.0991588297277644,2098,111.46875,0.28125,0.28125,0.0,0.027777777777777776,0.034348713428992636,65.5625,127.90308836005714,0.3227159504458969,0.3227159504458969,0.0,0.03187318029095278,0.039412898491843915,75.2286737817213,107
1183,47,qxy,0,2020,2,"In such an outlook, Independence, Uniqueness, Bivalence, and Correspondence are regulative ideas that the final scientific image is expected to live up to, as well as metaphysical assumptions that guarantee that such a final scientific resolution of all philosophical problems must be possible",0,1,1,4649,15,15,0,0.8666666666666667,1.0715479133691863,5465,56.01204819277108,0.18072289156626506,0.18072289156626506,0.0,0.010441767068273093,0.012910215823725136,65.8433734939759,70.08148772210811,0.2261179427471761,0.2261179427471761,0.0,0.013064592247614618,0.016153080648404643,82.38230380755448,251
1183,47,qxy,0,2020,3,"To fully understand the appeal of scientific realism, one does not necessarily have to know anything about science, Bernard Williams’s Ethics and the Limits of Philosophy, for example, exhibits an enthusiasm for scientific realism (“the absolute conception of the world”) coupled with complete innocence of actual scientific knowledge",0,1,0,5655,17,15,2,0.8235294117647058,0.9382768884632519,6659,61.46739130434783,0.18478260869565216,0.16304347826086957,0.021739130434782608,0.008951406649616368,0.010198661831122302,72.3804347826087,71.7370813170662,0.21565524003362077,0.19028403532378305,0.02537120470983774,0.010446966645227304,0.011902607505855377,84.47342608140475,287
1183,47,qxy,0,2020,4,"But for someone like me who has mastered a certain amount of mathematics and physics, the situation is quite different",0,1,1,2304,5,5,0,0.8,0.6368714490788802,3046,74.3225806451613,0.16129032258064516,0.16129032258064516,0.0,0.025806451612903226,0.0205442402928671,98.25806451612904,81.40866723917755,0.17666811466835403,0.17666811466835403,0.0,0.028266898346936648,0.02250297563897368,107.62621545596127,99
1183,47,qxy,0,2020,5,I know what a real scientific theory looks like; and the attractiveness of scientific realism is counterbalanced by an unwillingness to accept vague talk about what science can achieve as a substitute for at least a plausible sketch of a genuine scientific theory with real explanatory power,0,1,1,5571,17,16,1,0.8235294117647058,0.6730694954326715,8971,66.32142857142857,0.20238095238095238,0.19047619047619047,0.011904761904761904,0.00980392156862745,0.008012732088484183,106.79761904761905,84.44938326445835,0.25769871037440173,0.24253996270531927,0.015158747669082455,0.012483674551009079,0.010202890645020512,135.9891253393387,245
1183,47,qxy,0,2020,6,Hence what I described as my “approach or avoidance” conflict,0,1,1,0,0,0,0,0.0,0.0,0,0.0,0.0,0.0,0.0,0.0,0.0,0.0,0.0,0.0,0.0,0.0,0.0,0.0,0.0,52
1792,39,qxy,0,2639,0,Senior Iranian figures have expressed concern over the death in custody last week of a young woman arrested for allegedly violating the official female dress code,0,1,1,11118,16,13,3,0.8125,-0.03000747873206824,-157039,252.6818181818182,0.36363636363636365,0.29545454545454547,0.06818181818181818,0.018465909090909092,-0.0006819881530015509,-3569.068181818182,276.7801125150007,0.3983164058499741,0.32363207975310393,0.07468432609687015,0.020227004984568996,-0.0007470294423235599,-3909.45062864213,137
1792,39,qxy,0,2639,1,The speaker of parliament said the Domestic Affairs Committee should probe the methods used by the morality police in order to prevent any repetition of Mahsa Amini’s death,0,0,1,15171,32,29,3,0.90625,1.1467132693279596,6543,322.78723404255317,0.6808510638297872,0.6170212765957447,0.06382978723404255,0.01928191489361702,0.024398154666552332,139.2127659574468,357.4400149083969,0.7539437398371037,0.6832615142273752,0.07068222560972848,0.021351922319605476,0.027017415337436058,154.1579340548178,145
1792,39,qxy,0,2639,2,A court in the English city of Leicester has jailed a man for ten months for his part in recent clashes between groups of Hindus and Muslims,0,0,1,14002,30,27,3,0.9666666666666667,1.0415651016532403,5101,411.8235294117647,0.8823529411764706,0.7941176470588235,0.08823529411764706,0.028431372549019607,0.03063426769568354,150.02941176470588,401.39693488224003,0.860013429971947,0.7740120869747523,0.0860013429971947,0.027711543854651625,0.029858665853729427,146.2309502095634,114
1792,39,qxy,0,2639,3,"47 have been arrested in relation to the unrest, which reportedly started after an India-Pakistan cricket match",0,0,1,11243,23,18,5,0.9565217391304348,0.9226222812886685,4871,351.34375,0.71875,0.5625,0.15625,0.029891304347826088,0.02883194629027089,152.21875,425.70416478163554,0.8708703895737452,0.6815507396664093,0.1893196499073359,0.036217672156186,0.03493410545805566,184.43520293972665,95
1792,39,qxy,0,2639,4,25 police officers have been injured in the disorder,0,1,0,2922,7,6,1,0.8571428571428571,1.3267804868373176,1438,194.8,0.4666666666666667,0.4,0.06666666666666667,0.05714285714285714,0.08845203245582117,95.86666666666666,222.13694093521545,0.5321555737667721,0.45613334894294755,0.07602222482382459,0.06516190699184965,0.10086480446221001,109.31995929665976,44
1792,39,qxy,0,2639,5,Leicestershire’s acting police chief Rob Nixon said social media was being used to stoke division,0,1,1,6520,12,10,2,0.9166666666666666,0.8851826099896888,3085,260.8,0.48,0.4,0.08,0.03666666666666667,0.03540730439958755,123.4,272.376448892262,0.5013063476544699,0.4177552897120583,0.08355105794241166,0.038294234890272005,0.03697897176843183,128.87750687616997,83
1792,39,qxy,0,2639,6,What we know people are doing is that they're receiving fake news via social media and then they're falling on,0,1,1,5337,11,11,0,0.9090909090909091,1.1423769394411973,2130,197.66666666666666,0.4074074074074074,0.4074074074074074,0.0,0.03367003367003367,0.04231025701634064,78.88888888888889,187.06366032799738,0.3855537312362697,0.3855537312362697,0.0,0.03186394473027022,0.04004069922543852,74.65722250302312,91
1792,39,qxy,0,2639,7,There are significant things on there which are false,0,1,1,2738,6,6,0,0.8333333333333334,1.0649290326171093,668,228.16666666666666,0.5,0.5,0.0,0.06944444444444445,0.08874408605142577,55.666666666666664,202.5480792543611,0.44385992532000246,0.44385992532000246,0.0,0.06164721185000035,0.07877988681475544,49.416405018960276,45
1792,39,qxy,0,2639,8,"You know, people saying that people have been assaulted",0,1,1,7226,15,11,4,1.0,1.3054800526157362,1435,516.1428571428571,1.0714285714285714,0.7857142857142857,0.2857142857142857,0.07142857142857142,0.0932485751868383,102.5,500.4350492042507,1.0388217185252921,0.7618025935852142,0.27701912494007785,0.06925478123501946,0.09041073545058452,99.38061107225293,47
1792,39,qxy,0,2639,9,Attacks on religious establishments are being put out there in order to raise fear and to galvanize people to come to Leicester,0,1,1,5719,10,9,1,0.9,0.3891665109324568,5836,168.2058823529412,0.29411764705882354,0.2647058823529412,0.029411764705882353,0.026470588235294117,0.011446073850954612,171.64705882352942,186.09222833906995,0.32539295040928473,0.2928536553683563,0.03253929504092848,0.02928536553683563,0.01266320391927993,189.8993258588586,106
1792,39,qxy,0,2639,10,"The full force of hurricane Fiona has been battering Grand Turk, the main island at the British Caribbean territory of Turks and Caicos",0,1,1,5760,13,11,2,0.8461538461538461,0.8934428785854901,3348,174.54545454545453,0.3939393939393939,0.3333333333333333,0.06060606060606061,0.02564102564102564,0.02707402662380273,101.45454545454545,168.93029831390118,0.381266298277902,0.3226099446966863,0.05865635358121569,0.02481614959205279,0.026203050695464834,98.19073589495507,113
1792,39,qxy,0,2639,11,Uploaded video shows deluges of near horizontal rain blown by winds gusting up to 185 kilometres an hour,0,1,1,8081,20,13,7,0.95,0.9183646518404415,3903,299.2962962962963,0.7407407407407407,0.48148148148148145,0.25925925925925924,0.03518518518518518,0.034013505623720054,144.55555555555554,313.97869660148115,0.7770788184667273,0.5051012320033728,0.27197758646335457,0.03691124387716954,0.03568208592868888,151.64693142378184,87
1792,39,qxy,0,2639,12,A curfew is in place on the islands,0,1,1,2974,6,6,0,1.0,0.803840023381308,545,297.4,0.6,0.6,0.0,0.1,0.0803840023381308,54.5,348.8497019636858,0.703798995219272,0.703798995219272,0.0,0.11729983253654533,0.09429030012880012,63.9284087324172,28
1792,39,qxy,0,2639,13,The far-right Italian party Brothers of Italy has suspended one of its candidates for praising Adolf Hitler on social media days before a general election in which he’s predicted to come top,0,1,0,6052,15,12,3,0.8666666666666667,0.5611329034792394,7386,123.51020408163265,0.30612244897959184,0.24489795918367346,0.061224489795918366,0.017687074829931974,0.01145169190773958,150.73469387755102,129.69544764324203,0.32145269574498186,0.2571621565959855,0.06429053914899638,0.018572822420821176,0.012025178966307348,158.28330738482907,159
1792,39,qxy,0,2640,0,"In a Facebook post in 2014, Calogero Pisano, who had a leadership role, compared the party leader Giorgia Meloni to a great statesman of 70 years ago, adding that he was referring to a German and not the Italian dictator Benito Mussolini",0,1,1,7963,18,13,5,0.8888888888888888,-0.7944859971086435,-8258,130.54098360655738,0.29508196721311475,0.21311475409836064,0.08196721311475409,0.014571948998178506,-0.013024360608338418,-135.37704918032787,140.30001898206189,0.31714182364399274,0.2290468726317725,0.0880949510122202,0.0156613246243947,-0.013998040999036175,-145.4976210917829,196
1801,48,pwt,0,2647,0,I mentioned earlier that there is an alternative account of narrow content due to Ned Block,0,1,1,4787,12,12,0,0.9166666666666666,-0.01479790544669189,-120837,191.48,0.48,0.48,0.0,0.03666666666666667,-0.0005919162178676756,-4833.48,219.59125313223294,0.5504689863352403,0.5504689863352403,0.0,0.042049714233941965,-0.000678815667593768,-5543.085075149285,76
1801,48,pwt,0,2647,1,Block’s theory resembles Fodor’s in accepting the distinction between “narrow content” and “broad content”,0,0,1,5469,10,9,1,0.9,0.6837487170213118,3123,210.34615384615384,0.38461538461538464,0.34615384615384615,0.038461538461538464,0.03461538461538462,0.02629802757774276,120.11538461538461,216.948404427651,0.39668751952395503,0.35701876757155954,0.039668751952395505,0.035701876757155956,0.027123458253287082,123.88551234733116,93
1801,48,pwt,0,2647,2,"Also as in Fodor’s theory, “narrow content” is supposed to be a mentalistic notion, narrow contents depend only on what is inside the speaker’s head and can be described without taking into account the extension of a term or sentence",0,1,1,12429,29,26,3,0.9310344827586207,1.2315737498344332,4194,194.203125,0.453125,0.40625,0.046875,0.014547413793103448,0.01924333984116302,65.53125,222.767801022261,0.5197736124905921,0.4660039284398412,0.0537696840507509,0.016687143326095107,0.022073777137932002,75.17001830294977,194
1801,48,pwt,0,2647,3,"So that “water” has the same narrow content on Earth and on Twin Earth but not the same broad content, as in Fodor’s theory",0,1,1,4739,14,14,0,0.9285714285714286,0.8009853356764332,2892,157.96666666666667,0.4666666666666667,0.4666666666666667,0.0,0.030952380952380953,0.026699511189214438,96.4,148.41101683903608,0.4384372727888806,0.4384372727888806,0.0,0.029080023195180858,0.025084416151275817,90.56861377896018,100
1801,48,pwt,0,2647,4,"Here the resemblance to Fodor’s theory ends; although Block agrees with the dominant computational approach in thinking of the mind or brain as computing with “representations” in a “language of thought,” he does not take a stand on whether this is an innate language (Fodor’s Mentalese) or simply the local natural language (suitably transcribed",0,1,1,15809,30,27,3,0.9,1.0210268811006629,6997,188.20238095238096,0.35714285714285715,0.32142857142857145,0.03571428571428571,0.010714285714285714,0.012155081917865034,83.29761904761905,196.6088768952716,0.37309547136809085,0.3357859242312818,0.03730954713680908,0.011192864141042726,0.012698016849458116,87.01830043875106,293
1801,48,pwt,0,2647,5,"into neuronal terms), nor does he regard narrow content as a sense of “meaning”",0,1,1,3763,12,10,2,0.9166666666666666,0.8367002461426157,2712,188.15,0.6,0.5,0.1,0.04583333333333333,0.041835012307130784,135.6,194.85207527325443,0.6213725493699317,0.5178104578082765,0.10356209156165529,0.04746595863242534,0.04332521375034055,140.43019615760457,66
1801,48,pwt,0,2647,6,"He does, however, sometimes use the expressions “broad meaning” and “narrow meaning,” and also speaks of “two ways of individuating thought contents”, just as Fodor does",0,1,1,7833,20,19,1,0.9,1.5743663854004635,2859,191.0487804878049,0.4878048780487805,0.4634146341463415,0.024390243902439025,0.021951219512195124,0.03839918013171862,69.73170731707317,192.87646514528467,0.4924715055413882,0.46784793026431876,0.024623575277069407,0.02216121774936247,0.03876652920459598,70.39880171714144,144
1801,48,pwt,0,2647,7,"Rather than regarding the notion of “meaning” as ambiguous and taking “narrow content” and “broad content” to be the two senses (or rational reconstructions of the two senses), Block regards meaning as, in effect, the ordered pair of narrow content and broad content",0,1,1,9578,24,24,0,0.9166666666666666,0.8034002438298105,6007,142.955223880597,0.3582089552238806,0.3582089552238806,0.0,0.013681592039800995,0.011991048415370305,89.65671641791045,147.54077362938764,0.36969916131815656,0.36969916131815656,0.0,0.014120454078124034,0.012375683181111808,92.53261925159026,224
1801,48,pwt,0,2647,8,"For Block, narrow content is one of the two factors determining meaning, rather than a kind of meaning (or at least this is his fallback position)",0,1,1,4932,13,13,0,0.9230769230769231,1.0028956931442283,2768,133.2972972972973,0.35135135135135137,0.35135135135135137,0.0,0.02494802494802495,0.027105289003898064,74.8108108108108,137.79329737498117,0.3632021220346219,0.3632021220346219,0.0,0.025789499789440607,0.028019526456105132,77.33411336860257,121
1801,48,pwt,0,2647,9,"Moreover, narrow content is not identified with a function of observable properties, as it was in Fodor’s (former) theory",0,1,1,3625,9,9,0,0.8888888888888888,0.8104701836968103,2423,113.28125,0.28125,0.28125,0.0,0.027777777777777776,0.025327193240525323,75.71875,130.00395442802187,0.32276843857991633,0.32276843857991633,0.0,0.03187836430418926,0.02906602174526638,86.89643629768192,103
1801,48,pwt,0,2647,10,"Rather, it is identified with “conceptual role”",0,1,1,3083,9,6,3,0.8888888888888888,0.7207340277077716,2671,256.9166666666667,0.75,0.5,0.25,0.07407407407407407,0.06006116897564764,222.58333333333334,279.55054276612435,0.8160735922462274,0.5440490614974849,0.27202453074874244,0.08059986096259035,0.06535244522728591,242.1925072099637,41
1801,48,pwt,0,2647,11,What is conceptual role,0,1,1,4664,4,3,1,1.0,0.8535304457573363,518,666.2857142857143,0.5714285714285714,0.42857142857142855,0.14285714285714285,0.14285714285714285,0.12193292082247661,74.0,808.5541708585503,0.6934426851274016,0.5200820138455512,0.1733606712818504,0.1733606712818504,0.1479686110359888,89.8008277239985,20
1801,48,pwt,0,2650,0,Block gives a number of people credit (he even cites Wittgenstein’s remark that for many purposes we can think of meaning as use as representing this approach),0,1,1,6155,16,13,3,0.875,-0.041521918287162125,-92977,157.82051282051282,0.41025641025641024,0.3333333333333333,0.07692307692307693,0.022435897435897436,-0.0010646645714656956,-2384.025641025641,160.46743435797222,0.41713711612145504,0.3389239068486822,0.07821320927277281,0.022812186037892073,-0.0010825208281335947,-2424.0098528515327,133
1801,48,pwt,0,2650,1,"Perhaps the clearest origin of the notion is in the work of Wilfrid Sellars, who describes language as having “language-entry rules” (think of these as rules saying that when the speaker has certain experiences, he is to put certain sentences in the “belief box”), “language-language” rules (rules that when the speaker accepts certain sentences, he is to accept certain other sentences), and “language-exit rules” (rules saying that when the speaker has certain sentences in the belief and desire boxes, he is to perform certain bodily movements, or say certain words and so on)",0,0,1,17818,50,45,5,0.9,0.9104622976853294,13528,126.36879432624113,0.3546099290780142,0.3191489361702128,0.03546099290780142,0.006382978723404256,0.006457179416208009,95.94326241134752,128.41161055393664,0.360342380048088,0.3243081420432792,0.036034238004808795,0.006486162840865584,0.0065615630258396476,97.49423434581068,487
1801,48,pwt,0,2650,2,"The “language-language” rules are not all required to be analytic, there can be material rules of inference, according to Sellars",0,1,1,1921,5,5,0,0.8,0.16232617859301335,6400,53.361111111111114,0.1388888888888889,0.1388888888888889,0.0,0.022222222222222223,0.004509060516472593,177.77777777777777,65.04504935892265,0.16929997230328644,0.16929997230328644,0.0,0.02708799556852583,0.005496363507979098,216.70396454820664,110
1801,48,pwt,0,2650,3,"The important thing (in the Sellars-Block conception) is that (apart from the reference to experiences, Block would no doubt replace this by a reference to outputs from Fodor’s pattern-recognition modules, in the case of the language-entry rules, and to bodily movements in the case of the language-exit rules) the conceptual role of the formulas of a language can be described entirely syntactically",0,1,1,14819,36,33,3,0.8888888888888888,0.8747604622066563,9865,142.4903846153846,0.34615384615384615,0.3173076923076923,0.028846153846153848,0.008547008547008546,0.008411158290448618,94.85576923076923,162.65229061305763,0.39513344099264963,0.3622056542432622,0.03292778674938747,0.00975638125907777,0.009601308652112131,108.27753876090247,339
1801,48,pwt,0,2650,4,"If we had the computational description of the syntactic processes into which words and sentences enter, then we would be in a position to computationally define the relation of similarity of narrow content: words are similar in narrow content if they have similar “conceptual roles” (in the Sellars-Block sense) in their respective languages",0,1,1,9419,23,23,0,0.8695652173913043,1.0243106052603426,6936,97.10309278350516,0.23711340206185566,0.23711340206185566,0.0,0.008964589870013447,0.010559903147013841,71.50515463917526,118.39838300987033,0.28911379225257644,0.28911379225257644,0.0,0.010930578156997219,0.012875753197015196,87.18666361147262,290
1801,48,pwt,0,2650,5,"And if words are similar in narrow content and also have the same reference (or better, the same broad content), then they are similar in meaning",0,1,1,1217,4,4,0,1.0,1.013561320754717,424,32.026315789473685,0.10526315789473684,0.10526315789473684,0.0,0.02631578947368421,0.026672666335650446,11.157894736842104,32.695604340998294,0.10746295592768543,0.10746295592768543,0.0,0.026865738981921357,0.027230073885567696,11.391073328334656,120
1802,50,pwt,0,2652,0,What we have just seen to hold in the case of my (former) account also holds for Lewis’s account,0,1,1,4293,11,11,0,0.9090909090909091,-0.021396689512208675,-97221,186.65217391304347,0.4782608695652174,0.4782608695652174,0.0,0.039525691699604744,-0.0009302908483568989,-4227.0,172.45374994308008,0.44188009535846284,0.44188009535846284,0.0,0.03651901614532751,-0.0008595246547281991,-3905.456795531374,78
1802,50,pwt,0,2652,1,His account too says that to have psychological states is just to be a “model” of a certain theory,0,1,1,4416,9,7,2,0.8888888888888888,1.2700039500672433,1666,157.71428571428572,0.32142857142857145,0.25,0.07142857142857142,0.031746031746031744,0.04535728393097298,59.5,190.3913038457277,0.38802575512036896,0.30179780953806473,0.0862279455823042,0.038323531369912976,0.05475491574785482,71.8278786700594,80
1802,50,pwt,0,2652,2,He too needs to restrict the notion of a “realizer” so that highly disjunctive physical states (like the ones used in the proof in the Appendix) do not count as realizers even if they satisfy the postulates of folk psychology,0,0,1,8488,20,18,2,0.9,1.0914966179606038,4698,136.90322580645162,0.3225806451612903,0.2903225806451613,0.03225806451612903,0.014516129032258065,0.0176047841606549,75.7741935483871,155.57912747763248,0.3665860685146854,0.32992746166321685,0.03665860685146854,0.016496373083160844,0.020006372698762664,86.1110674940996,186
1802,50,pwt,0,2652,3,Lewis does this by requiring the realizers to have the metaphysical property he calls naturalness or elite,0,1,1,5673,14,12,2,0.9285714285714286,1.430302120248742,1774,189.1,0.4666666666666667,0.4,0.06666666666666667,0.030952380952380953,0.04767673734162473,59.13333333333333,224.10786989373202,0.5530601407566099,0.4740515492199514,0.07900859153665857,0.036682560356305766,0.05650307799637478,70.08062069301614,90
1802,50,pwt,0,2652,4,"But this means that his theory requires that each organism to which folk psychology applies be a model for folk psychology in just the sense that my account in “Philosophy and Our Mental Life” required, that is, that such an organism possess one physical state per propositional attitude",0,1,1,14082,31,29,2,0.9354838709677419,1.3528032185175154,4402,182.88311688311688,0.4025974025974026,0.37662337662337664,0.025974025974025976,0.012149141181399245,0.01756887296775994,57.16883116883117,199.64286124770922,0.43949216721197176,0.4111378338434574,0.02835433336851431,0.013262510769143789,0.01917891671992237,62.40788774409999,240
1802,50,pwt,0,2652,5,But we have seen that we are not models of propositional-attitude theory in that (highly reductionist) sense,0,1,1,3696,6,6,0,0.8333333333333334,1.058303439229168,2240,127.44827586206897,0.20689655172413793,0.20689655172413793,0.0,0.028735632183908046,0.0364932220423851,77.24137931034483,151.4228968502539,0.2458163909906719,0.2458163909906719,0.0,0.0341411654153711,0.04335805533405499,91.77145263651751,92
1802,50,pwt,0,2652,6,"I can exploit my arguments to make a further point: folk psychology cannot play the explanatory role Lewis wishes it to play, the role of defining the propositional attitudes",0,1,1,8443,17,16,1,0.8823529411764706,1.1143280669563231,3818,179.63829787234042,0.3617021276595745,0.3404255319148936,0.02127659574468085,0.018773466833541926,0.023709107807581342,81.23404255319149,205.8417221840922,0.4144627830308619,0.3900826193231642,0.02438016370769776,0.021511909153850966,0.02716750069647755,93.08346503599005,146
1802,50,pwt,0,2652,7,"If it could play this role, the “platitudes which are common knowledge among us” would already constitute a survey of all possible ways of having any belief that we can describe",0,1,1,6774,16,15,1,0.9375,1.5119623962266135,2029,153.95454545454547,0.36363636363636365,0.3409090909090909,0.022727272727272728,0.02130681818181818,0.034362781732423034,46.11363636363637,154.5893712965696,0.3651358046567927,0.34231481686574317,0.022820987791049543,0.021394676054108948,0.03450447538481356,46.303784228039525,147
1802,50,pwt,0,2652,8,And Lewis has not given us any reason to believe that they do this,0,1,1,1058,3,3,0,0.6666666666666666,1.1216659700417668,1440,62.23529411764706,0.17647058823529413,0.17647058823529413,0.0,0.0392156862745098,0.06598035117892746,84.70588235294117,60.15013921771096,0.17055805071184582,0.17055805071184582,0.0,0.03790178904707685,0.0637697204667118,81.86786434168599,53
1802,50,pwt,0,2652,9,Consider the belief that (apart from dirt) snow is normally white,0,1,1,1100,2,2,0,0.5,0.7194156663160394,1347,68.75,0.125,0.125,0.0,0.03125,0.04496347914475246,84.1875,65.04287946195456,0.11825978083991737,0.11825978083991737,0.0,0.02956494520997934,0.04253896951566897,79.64796239568435,55
1802,50,pwt,0,2652,10,Suppose someone who lives in a future super-scientific culture (and who speaks a language unrelated to any present-day language) has a belief that should be so interpreted,0,1,1,7564,19,16,3,0.9473684210526315,0.8996975121928167,5367,164.43478260869566,0.41304347826086957,0.34782608695652173,0.06521739130434782,0.020594965675057208,0.01955864156940906,116.67391304347827,195.9783359274501,0.4922776814676827,0.4145496264991012,0.07772805496858148,0.02454570156902573,0.02331057922760642,139.05549033879228,145
1802,50,pwt,0,2652,11,A problem in the radical interpretation of a language spoken by beings more sophisticated than we,0,1,1,699,1,1,0,1.0,1.7361111111111112,81,23.3,0.03333333333333333,0.03333333333333333,0.0,0.03333333333333333,0.05787037037037037,2.7,32.65961820943393,0.046723345077874,0.046723345077874,0.0,0.046723345077874,0.0811169185379757,3.784590951307794,82
1802,50,pwt,0,2653,0,"How would this be determined using beliefs of our culture such that “everyone knows them, everyone knows that everyone knows them, and so on”",0,1,1,3972,9,9,0,0.7777777777777778,-0.07864295315966768,-36956,113.48571428571428,0.2571428571428571,0.2571428571428571,0.0,0.022222222222222223,-0.002246941518847648,-1055.8857142857144,110.83935631437004,0.2511465777515937,0.2511465777515937,0.0,0.02170402523779205,-0.0021945453944810472,-1031.2636585986554,118
1802,50,pwt,0,2653,1,These future speakers might believe that snow is white on the basis of a quantum mechanical calculation,0,1,1,5088,9,8,1,0.8888888888888888,0.8137467040454394,1760,181.71428571428572,0.32142857142857145,0.2857142857142857,0.03571428571428571,0.031746031746031744,0.02906238228733712,62.857142857142854,204.73287129297873,0.3621454091267312,0.32190703033487217,0.04023837879185902,0.035767447814985795,0.032743848118007186,70.81954667367188,87
1802,50,pwt,0,2653,2,Perhaps it snows so rarely that that is now the “normal” way of fixing the belief that snow is white,0,1,1,764,3,3,0,0.6666666666666666,0.4101737322541287,3642,31.833333333333332,0.125,0.125,0.0,0.027777777777777776,0.01709057217725536,151.75,29.35653650640798,0.11527435800945542,0.11527435800945542,0.0,0.025616524002101203,0.01576083788597898,139.94307062347886,81
1802,50,pwt,0,2653,3,So our platitudes about what “sensory stimulations” cause one to go into the mental state of believing that snow is white “with so-and-so probability” will not apply to these speakers,0,1,1,7715,18,16,2,0.8888888888888888,1.3622530574758152,3122,160.72916666666666,0.375,0.3333333333333333,0.041666666666666664,0.018518518518518517,0.02838027203074615,65.04166666666667,173.57204334724227,0.40496393781598977,0.35996794472532423,0.04499599309066553,0.0199982191514069,0.030647964580959884,70.23874521452889,154
1802,50,pwt,0,2653,4,"Imagine that they not only come to the belief in a different way than we, but that the sensory stimulations that suffice for us do not suffice for most of them, at least without lengthy calculation, they do not go immediately from the sensory stimulations to the “mental state”",0,0,1,5603,18,17,1,0.8888888888888888,1.1521498603796072,4884,74.70666666666666,0.24,0.22666666666666666,0.013333333333333334,0.011851851851851851,0.015361998138394763,65.12,82.7571357839653,0.2658626528844147,0.25109250550194717,0.014770147382467482,0.01312901989552665,0.01701742324449613,72.13739981597118,229
1811,40,shiyubin,0,2670,0,"From the early days of broadband, advocates for consumers and web-based companies worried that the cable and phone companies selling broadband connections had the power and incentive to favor affiliated websites over their rivals’",0,1,1,15171,36,26,10,0.9166666666666666,-0.05632488316041043,-130507,252.85,0.6,0.43333333333333335,0.16666666666666666,0.015277777777777777,-0.0009387480526735071,-2175.116666666667,272.4784038028112,0.6465771891702066,0.46697241440070475,0.17960477476950182,0.016463771020537667,-0.0010116217953944021,-2343.9680340843374,197
1811,40,shiyubin,0,2670,1,"That is the reason why there has been such a strong demand for rules that would prevent broadband providers from picking winners and losers online, preserving the freedom and innovation that have been the lifeblood of the Internet",0,1,1,8774,22,18,4,0.9090909090909091,0.43322315390300503,10079,165.54716981132074,0.41509433962264153,0.33962264150943394,0.07547169811320754,0.017152658662092625,0.008174021771754811,190.16981132075472,152.94947833128222,0.3835067840538191,0.3137782778622156,0.06972850619160346,0.01584738777081897,0.007552000842317917,175.69840347629284,193
1811,40,shiyubin,0,2670,2,"Yet that demand has been almost impossible to fill-in part because of pushback from broadband providers, anti-regulatory conservatives and the courts",0,1,1,8081,15,12,3,0.8666666666666667,0.5795016374834695,5902,212.6578947368421,0.39473684210526316,0.3157894736842105,0.07894736842105263,0.02280701754385965,0.01525004309167025,155.31578947368422,232.56111425662374,0.431681315907605,0.345345052726084,0.086336263181521,0.02494158714132829,0.016677335295965066,169.85220843244565,129
1811,40,shiyubin,0,2670,3,"A federal appeals court weighed in again Tuesday, but instead of providing a badly needed resolution, it only prolonged the fight",0,0,1,13081,32,21,11,0.96875,0.6135914760698573,8796,373.74285714285713,0.9142857142857143,0.6,0.3142857142857143,0.027678571428571427,0.017531185030567352,251.31428571428572,428.212767031331,1.0475352453942812,0.687445004789997,0.3600902406042842,0.03171249278049094,0.020086209295521164,287.94125057775307,109
1811,40,shiyubin,0,2670,4,"At issue before the United States Court of Appeals for the District of Columbia Circuit was the latest take of the Federal Communications Commission (FCC) on net neutrality, adopted on a party-line vote in 2017",0,1,1,7549,22,16,6,0.9090909090909091,0.7308072311163519,6897,132.43859649122808,0.38596491228070173,0.2807017543859649,0.10526315789473684,0.01594896331738437,0.012821179493269332,121.0,150.13564479015798,0.4375393012827494,0.3182104009329087,0.11932890034984076,0.018080136416642537,0.0145344038761377,137.16857095214195,176
1811,40,shiyubin,0,2670,5,"The Republican-penned order not only eliminated the strict net neutrality rules the FCC had adopted when it had a Democratic majority in 2015, but rejected the commission’s authority to require broadband providers to do much of anything",0,1,1,14125,34,26,8,0.9411764705882353,0.5604293702365283,13239,217.30769230769232,0.5230769230769231,0.4,0.12307692307692308,0.014479638009049774,0.008621990311331205,203.6769230769231,257.41887490377337,0.6196277342816492,0.4738329732742024,0.14579476100744687,0.017152324824405516,0.010213458261898576,241.27210512219867,200
1811,40,shiyubin,0,2670,6,The order also declared that state and local governments couldn’t regulate broadband providers either,0,1,0,2435,8,7,1,0.875,0.45300040178775025,3290,97.4,0.32,0.28,0.04,0.035,0.01812001607151001,131.6,98.90109888880238,0.32493174172912487,0.2843152740129843,0.04061646771614061,0.035539409251623036,0.018399276194610882,133.6281787861026,88
1811,40,shiyubin,0,2670,7,"The commission argued that other agencies would protect against anti-competitive behavior, such as a broadband-providing conglomerate like favoring its own video-streaming service at the expense of Netflix and Apple TV",0,1,1,2954,6,5,1,0.8333333333333334,0.2952161308419156,6970,51.824561403508774,0.10526315789473684,0.08771929824561403,0.017543859649122806,0.014619883040935673,0.005179230365647642,122.28070175438596,61.10522955762059,0.12411353329239118,0.10342794441032598,0.020685588882065196,0.01723799073505433,0.006106719513949834,144.17855450799442,189
1811,40,shiyubin,0,2671,0,Yet the FCC also ended the investigations of broadband providers that imposed data caps on their rivals’ streaming services but not their own,0,1,1,975,3,1,2,0.6666666666666666,-0.016284296159953797,-79153,27.857142857142858,0.08571428571428572,0.02857142857142857,0.05714285714285714,0.019047619047619046,-0.00046526560457010846,-2261.5142857142855,28.13685173029127,0.08657492840089621,0.028858309466965406,0.05771661893393081,0.019238872977976936,-0.00046993725803566306,-2284.2217692387126,119
1811,40,shiyubin,0,2671,1,"On Tuesday, the appeals court unanimously upheld the 2017 order deregulating broadband providers, citing a Supreme Court ruling from 2005 that upheld a similarly deregulatory move",0,0,0,3761,10,9,1,0.8,0.6596161234454484,4168,80.02127659574468,0.2127659574468085,0.19148936170212766,0.02127659574468085,0.01702127659574468,0.014034385605222306,88.68085106382979,89.8617074584214,0.23893035750710293,0.21503732175639265,0.023893035750710293,0.019114428600568237,0.015760231619227034,99.5861730089605,154
1811,40,shiyubin,0,2671,2,"But Judge Patricia Millett rightly argued in a concurring opinion that the result is unhinged from the realities of modem broadband service, and said Congress or the Supreme Court could intervene to avoid trapping Internet regulation in technological anachronism",0,1,1,5592,13,10,3,0.7692307692307693,0.2784506602222722,18147,81.04347826086956,0.18840579710144928,0.14492753623188406,0.043478260869565216,0.011148272017837236,0.004035516814815539,263.0,90.39545903012151,0.21014681104999636,0.16165139311538182,0.048495417934614544,0.012434722547337063,0.004501193713882814,293.34878308648337,224
1811,40,shiyubin,0,2671,3,"In the meantime, the court threw out the FCC’s attempt to block all state rules on net neutrality, while preserving the commission’s power to preempt individual state laws that undermine its order",0,1,1,4777,15,10,5,0.8666666666666667,0.8634431299194371,4678,95.54,0.3,0.2,0.1,0.017333333333333333,0.01726886259838874,93.56,99.10233976212129,0.31118591091308756,0.20745727394205837,0.10372863697102919,0.017979630408311728,0.017912755793708497,97.04851275009491,165
1811,40,shiyubin,0,2671,4,"That means more battles like the one now going on between the Justice Department and California, which enacted a tough net neutrality law in the wake of the FCC’s abdication",0,1,0,5182,15,11,4,0.8666666666666667,0.7075848224577667,7941,110.25531914893617,0.3191489361702128,0.23404255319148937,0.0851063829787234,0.01843971631205674,0.015054996222505673,168.95744680851064,121.50454526503417,0.3517113429130669,0.25792165146958235,0.0937896914434845,0.020321099812754977,0.016591040542101674,186.19598493817762,144
1811,40,shiyubin,0,2671,5,The endless legal battles and back-and-forth at the FCC cry out for Congress to act,0,0,0,1869,6,4,2,0.8333333333333334,0.40165026573502416,3443,93.45,0.3,0.2,0.1,0.04166666666666667,0.02008251328675121,172.15,91.64033364626489,0.2941904771950719,0.19612698479671462,0.09806349239835731,0.04085978849931554,0.019693613890352367,168.8163021637721,69
1811,40,shiyubin,0,2671,6,It needs to give the commission explicit authority once and for all to bar broadband providers from meddling in the traffic on their network and to create clear rules protecting openness and innovation online,0,1,1,4106,13,10,3,0.8461538461538461,0.5620842359795877,9394,77.47169811320755,0.24528301886792453,0.18867924528301888,0.05660377358490566,0.015965166908563134,0.010605362943011088,177.24528301886792,80.89443475505507,0.2561197398479581,0.1970151844984293,0.0591045553495288,0.01667051561140556,0.011073912945517714,185.0760643178245,175
1815,7,czh,0,2680,0,Look at the people around you,0,1,1,2324,4,3,1,0.75,-0.011418425277186733,-103819,332.0,0.5714285714285714,0.42857142857142855,0.14285714285714285,0.10714285714285714,-0.0016312036110266762,-14831.285714285714,295.6673390012268,0.5088938709143319,0.3816704031857489,0.12722346772858298,0.09541760079643723,-0.0014526916597634024,-13208.213196113757,24
1815,7,czh,0,2680,1,"Some are passive, others more aggressive",0,1,1,1611,4,4,0,1.0,1.0995508090241748,413,161.1,0.4,0.4,0.0,0.1,0.10995508090241748,41.3,160.37850338551672,0.39820857451400804,0.39820857451400804,0.0,0.09955214362850201,0.10946264006681022,41.11503531857133,35
1815,7,czh,0,2680,2,"Some work best alone, others crave companionship",0,1,1,5722,6,5,1,0.8333333333333334,1.891949970651823,1400,520.1818181818181,0.5454545454545454,0.45454545454545453,0.09090909090909091,0.07575757575757576,0.17199545187743845,127.27272727272727,480.1628911891452,0.503491322463277,0.4195761020527309,0.08391522041054618,0.06992935034212182,0.1587633987929741,117.48130857476464,42
1815,7,czh,0,2680,3,We easily recognize that there is great variation among the individuals who live near us,0,1,1,3782,9,9,0,1.0,1.0775745880568275,2224,151.28,0.36,0.36,0.0,0.04,0.0431029835222731,88.96,173.10535247165268,0.41193764469721683,0.41193764469721683,0.0,0.04577084941080187,0.04932150419885591,101.79436908962336,74
1815,7,czh,0,2680,4,"Yet, when we speak of people from elsewhere, we seem to inevitably characterize them based on their country of origin",0,1,1,4218,10,9,1,0.9,1.00248580485031,2303,150.64285714285714,0.35714285714285715,0.32142857142857145,0.03571428571428571,0.03214285714285715,0.035803064458939646,82.25,147.8020254125423,0.35040783644509793,0.31536705280058813,0.03504078364450979,0.031536705280058815,0.03512788819445198,80.69892473330604,98
1815,7,czh,0,2680,5,"Statistics specialists, when they speak of national averages, often make the same mistake",0,1,1,9282,19,13,6,0.9473684210526315,0.8567197056304193,5535,403.5652173913044,0.8260869565217391,0.5652173913043478,0.2608695652173913,0.041189931350114416,0.037248682853496494,240.65217391304347,430.40208317231185,0.8810212863902096,0.6028040380564592,0.2782172483337504,0.043929039210592165,0.039725699848965984,256.6554115878847,77
1815,7,czh,0,2680,6,Newly published research shows how erroneous such overviews are,0,1,1,7275,13,9,4,0.9230769230769231,0.9587067075334762,2663,485.0,0.8666666666666667,0.6,0.26666666666666666,0.06153846153846154,0.06391378050223175,177.53333333333333,470.1583533792992,0.8401455111932494,0.581639200056865,0.25850631113638445,0.05965530256993488,0.06195793360654688,172.10057663904794,55
1815,7,czh,0,2680,7,Three researchers analyzed decades of values-based surveys and found that only between 16% and 21% of the variation in cultural values could be explained by differences between countries,0,1,1,6089,15,15,0,0.8666666666666667,1.1994214528462084,3678,132.3695652173913,0.32608695652173914,0.32608695652173914,0.0,0.01884057971014493,0.02607437940970018,79.95652173913044,137.86512729314208,0.33962504670670574,0.33962504670670574,0.0,0.019622780476387443,0.02715690446292789,83.27606145248424,159
1815,7,czh,0,2680,8,"In other words, the vast majority of what makes us culturally distinct from one another has nothing to do with our homeland",0,1,1,5594,13,12,1,0.9230769230769231,1.2606267921039844,1948,164.52941176470588,0.38235294117647056,0.35294117647058826,0.029411764705882353,0.027149321266968326,0.03707725859129366,57.294117647058826,181.3364892729585,0.42141121926143377,0.3889949716259389,0.0324162476354949,0.02992269012507222,0.040864790268782314,63.14685039394408,102
1815,7,czh,0,2680,9,"To determine what factors really are associated with culture, the authors combined data from 558 prior surveys that each measured one or more of Hofstede's cultural dimensions",0,1,1,10094,23,20,3,0.9130434782608695,0.7957747672600847,7462,206.0,0.46938775510204084,0.40816326530612246,0.061224489795918366,0.018633540372670808,0.016240301372654788,152.28571428571428,235.62297714041972,0.5368861179145684,0.4668574938387552,0.07002862407581327,0.021313059501334473,0.01857567067515809,174.18453095123954,149
1815,7,czh,0,2680,10,"These are traits, such as individualism and masculinity, that describe work-related cultural values",0,0,1,8542,18,14,4,0.8888888888888888,0.7514050526763655,5085,316.3703703703704,0.6666666666666666,0.5185185185185185,0.14814814814814814,0.03292181069958847,0.027829816765791313,188.33333333333334,376.238006415557,0.7928218351065354,0.6166392050828609,0.17618263002367454,0.03915169556081656,0.03309612959839994,223.97216841759624,87
1815,7,czh,0,2681,0,"(They are not a measure of visible cultural traits, such as food or dress) Though the validity of Hofstede's dimensions has been questioned, they have the singular benefit of having been in use for decades, which allows for historical and The researchers found that both demographic factors, such as age, and environmental factors, such as long-term unemployment rates, were more correlated with cultural values than nationality",0,1,1,25028,55,38,17,0.9272727272727272,-0.09050664939979272,-154851,225.47747747747746,0.4954954954954955,0.34234234234234234,0.15315315315315314,0.008353808353808353,-0.0008153752198179525,-1395.054054054054,244.4333211124586,0.5371516965472759,0.3711229903417543,0.16602870620552165,0.009056111247573908,-0.0008839236413437846,-1512.3359520371314,363
1815,7,czh,0,2681,1,"Occupation and social economic status were the most strongly correlated, suggesting that our values are more economically driven than we usually give them credit for",0,1,0,13434,33,25,8,0.9393939393939394,0.6394085708464291,15686,285.82978723404256,0.7021276595744681,0.5319148936170213,0.1702127659574468,0.019987105093488073,0.013604437677583597,333.74468085106383,332.1807986721392,0.8159867765505875,0.6181718004171117,0.19781497613347576,0.02322827371264299,0.015810573897690777,387.8657144537126,141
1815,7,czh,0,2681,2,"The evidence implies that people with similar jobs and incomes are more culturally alike, regardless of where they live",0,1,1,3360,11,10,1,0.8181818181818182,0.9076878162519589,3104,108.38709677419355,0.3548387096774194,0.3225806451612903,0.03225806451612903,0.026392961876832845,0.029280252137159967,100.12903225806451,111.91774329762762,0.3663973738910428,0.33308852171912984,0.033308852171912984,0.02725269723156517,0.030234039289783014,103.3906771416179,101
1815,7,czh,0,2681,3,"Vas Taras, the lead author of the study, puts it this way: ""Tell me how much you make and I will make a pretty accurate prediction about your cultural values",0,1,1,7256,18,16,2,0.9444444444444444,1.0744450158217103,5650,186.05128205128204,0.46153846153846156,0.41025641025641024,0.05128205128205128,0.024216524216524215,0.027549872200556675,144.87179487179486,182.37155770549933,0.45241014866303586,0.40214235436714296,0.05026779429589287,0.023737569528616078,0.027004990518786548,142.00651888589735,128
1815,7,czh,0,2681,4,"Tell me what your nationality is and I probably will make a wrong""",0,1,1,6924,16,16,0,1.0,0.720575022461815,2491,364.42105263157896,0.8421052631578947,0.8421052631578947,0.0,0.05263157894736842,0.03792500118220079,131.10526315789474,441.42750635037896,1.0200520077420658,1.0200520077420658,0.0,0.06375325048387911,0.04593899989943491,158.80934695534287,54
1815,7,czh,0,2681,5,Taras says our erroneous belief that countries are cultures has caused businesses to teach their employees useless or even harmful ways of interacting with their international peers,0,1,1,14505,30,26,4,0.8666666666666667,0.8157397204973404,9442,322.3333333333333,0.6666666666666666,0.5777777777777777,0.08888888888888889,0.01925925925925926,0.018127549344385343,209.82222222222222,331.42298422233193,0.685466358267491,0.5940708438318256,0.09139551443566547,0.019802361461060854,0.0186387378501151,215.73911182538836,155
1815,7,czh,0,2681,6,"Chinese and American lawyers might be trained to interact based on the assumption that the Chinese person is less individualistic, even though their similar social economic situations make it probable they are actually quite alike in that regard",0,1,1,14143,33,25,8,0.9393939393939394,0.7709880049488202,6898,211.08955223880596,0.4925373134328358,0.373134328358209,0.11940298507462686,0.014020805065581185,0.01150728365595254,102.95522388059702,237.33910410152245,0.5537856491091169,0.4195345826584219,0.134251066450695,0.01576432977261949,0.012938245235634105,115.75798204711177,208
1815,7,czh,0,2681,7,"The country, as the unit of authority, is often a convenient way of generalizing about a population",0,1,1,15078,25,17,8,0.96,0.7249972076038139,7450,486.38709677419354,0.8064516129032258,0.5483870967741935,0.25806451612903225,0.03096774193548387,0.023387006696897222,240.32258064516128,680.8545457701302,1.1288873620011444,0.7676434061607782,0.3612439558403662,0.043349274700843946,0.03273760740600262,336.40843387634106,83
1815,7,czh,0,2682,0,"However, our focus on countries can mask broad variations within them",0,1,1,5585,11,8,3,0.9090909090909091,-0.1213006243992551,-17338,310.27777777777777,0.6111111111111112,0.4444444444444444,0.16666666666666666,0.050505050505050504,-0.006738923577736394,-963.2222222222222,323.7146892019369,0.6375759321792849,0.4636915870394799,0.17388434513980497,0.052692225799940894,-0.0070307598795713066,-1004.9355920113128,59
1815,7,czh,0,2682,1,"In the majority of cases we would be better off identifying people by the factors that constrain their lives, like income, rather than by the lines surrounding them on a map",0,1,1,2021,6,5,1,0.8333333333333334,0.23271732110653648,9387,44.91111111111111,0.13333333333333333,0.1111111111111111,0.022222222222222223,0.01851851851851852,0.0051714960245896995,208.6,47.59848380771984,0.14131167879580356,0.1177597323298363,0.023551946465967262,0.019626622054972717,0.00548094588840446,221.08212147603467,143
1819,12,zhaoguojie,0,2690,0,A judge in the US State of Arizona has ruled that a 1901 ban on nearly all abortions can now be reintroduced,0,1,1,10644,20,16,4,0.95,-0.01711112613462475,-147528,394.22222222222223,0.7407407407407407,0.5925925925925926,0.14814814814814814,0.03518518518518518,-0.0006337454123935092,-5464.0,408.1583673093315,0.766926657852934,0.6135413262823473,0.1533853315705868,0.03642901624801437,-0.0006561489389263877,-5657.157798986383,87
1819,12,zhaoguojie,0,2690,1,Only terminations to save the mother's life will be permitted,0,1,1,3882,9,5,4,0.8888888888888888,1.286610837562715,1639,228.35294117647058,0.5294117647058824,0.29411764705882354,0.23529411764705882,0.0522875816993464,0.0756829904448656,96.41176470588235,262.4452443655368,0.6084511074935165,0.3380283930519536,0.27042271444156285,0.060093936542569525,0.08698219878091053,110.80570724243039,52
1819,12,zhaoguojie,0,2690,2,The Republican attorney general of Arizona said he applauded the court's decision,0,1,1,6165,9,8,1,0.8888888888888888,1.078799960708922,1762,256.875,0.375,0.3333333333333333,0.041666666666666664,0.037037037037037035,0.04494999836287175,73.41666666666667,316.702203831913,0.4623389836962233,0.41096798550775404,0.051370998188469255,0.04566310950086156,0.05541903082729874,90.51569880808283,70
1819,12,zhaoguojie,0,2690,3,"It was made possible by the Supreme Court in Washington overturning the 1973 Roe v Wade ruling, which granted the right for all women in the United States to have access to abortion",0,1,1,7399,12,11,1,0.9166666666666666,0.8501920655475145,3250,164.42222222222222,0.26666666666666666,0.24444444444444444,0.022222222222222223,0.02037037037037037,0.018893157012166987,72.22222222222223,164.41095900862166,0.26664839952743075,0.2444276995668115,0.022220699960619227,0.020368974963900957,0.018891862797430437,72.2172748720125,149
1819,12,zhaoguojie,0,2690,4,"A Colombian dissident group which rejected the 2016 peace deal with the country's largest guerrilla movement, the FARC, has said it is prepared to stop its attacks against government forces to help ceasefire talks",0,1,1,19081,36,27,9,0.9444444444444444,0.9017705083217532,7506,397.5208333333333,0.75,0.5625,0.1875,0.019675925925925927,0.018786885590036526,156.375,367.61453717008357,0.6935759833406535,0.5201819875054902,0.17339399583516338,0.01819566622961591,0.017373510196023914,144.61059252652626,180
1819,12,zhaoguojie,0,2690,5,"The Colombian president Gustavo Petro, a former guerrilla fighter, took office last month, promising to fully implement the 2016 deal and reach a settlement with all armed groups",0,1,1,7109,17,15,2,0.8823529411764706,0.4601821419440264,8750,161.5681818181818,0.38636363636363635,0.3409090909090909,0.045454545454545456,0.020053475935828877,0.010458685044182419,198.86363636363637,164.8645782636493,0.39424642431875623,0.3478644920459614,0.04638193227279485,0.0204626171791742,0.01067206847039875,202.9209536934775,151
1819,12,zhaoguojie,0,2690,6,"The world's longest ruling head of state, Present Teodoro Obiang of Equatorial Guinea, will run for office again in elections due to be held in November",0,0,1,11300,35,22,13,0.9714285714285714,0.8302911990578326,9422,322.85714285714283,1.0,0.6285714285714286,0.37142857142857144,0.027755102040816326,0.023722605687366644,269.2,298.9616263613887,0.9259873382874872,0.5820491840664206,0.34393815422106666,0.025700873062673116,0.021966832497688243,249.27579146699156,127
1819,12,zhaoguojie,0,2690,7,"His son, vice president Teodoro Nguema Obiang Mangue, said that his father had been nominated due to his charisma, leadership, and political experience",0,1,1,9217,26,13,13,0.8846153846153846,0.6404181525103737,9966,236.33333333333334,0.6666666666666666,0.3333333333333333,0.3333333333333333,0.022682445759368834,0.01642097826949676,255.53846153846155,249.29157256259595,0.7032202328987192,0.3516101164493596,0.3516101164493596,0.023926132184423878,0.01732134624465048,269.549724656486,129
1819,12,zhaoguojie,0,2690,8,"And the former tennis men's world number one, Roger Federer has bade a tearful farewell to the sport",0,0,1,3073,10,8,2,0.9,0.6190143229003039,5079,128.04166666666666,0.4166666666666667,0.3333333333333333,0.08333333333333333,0.0375,0.02579226345417933,211.625,119.83087061710609,0.38994751258413957,0.31195801006731166,0.07798950251682792,0.035095276132572566,0.02413830954689289,198.05434164148448,83
1819,12,zhaoguojie,0,2690,9,The Swiss player joined forces with his former rival Rafael Nadal for a doubles match in the Laver Cup in London,0,1,1,3256,8,7,1,0.875,0.2158406974355737,11680,125.23076923076923,0.3076923076923077,0.2692307692307692,0.038461538461538464,0.03365384615384615,0.008301565285983603,449.2307692307692,112.23984201174778,0.2757735675964319,0.2413018716468779,0.03447169594955399,0.03016273395585974,0.007440394895538773,402.62940869079057,92
1819,12,zhaoguojie,0,2690,10,Russell Fuller was watching,0,1,1,916,2,1,1,1.0,0.343389484430832,1306,152.66666666666666,0.3333333333333333,0.16666666666666666,0.16666666666666666,0.16666666666666666,0.057231580738472,217.66666666666666,132.4517972420203,0.28919606384720586,0.14459803192360293,0.14459803192360293,0.14459803192360293,0.049653443631959,188.84502969222544,24
1819,12,zhaoguojie,0,2690,11,"There was one fleeting match point on Roger Federer's serve, but it was the Americans representing Team World who won the final point",0,1,1,0,0,0,0,0.0,0.0,0,0.0,0.0,0.0,0.0,0.0,0.0,0.0,0.0,0.0,0.0,0.0,0.0,0.0,0.0,111
1819,12,zhaoguojie,0,2690,12,Sympathetic applause soon made way for loud cheers as Federal hugged European teammates like Novak Djokovic and Andy Murray,0,0,1,0,0,0,0,0.0,0.0,0,0.0,0.0,0.0,0.0,0.0,0.0,0.0,0.0,0.0,0.0,0.0,0.0,0.0,0.0,105
1819,12,zhaoguojie,0,2691,0,And both he and Nadal were in tears as they watched a tribute video on the big screen,0,1,1,1765,5,4,1,0.8,-0.0853057842399975,-11199,92.89473684210526,0.2631578947368421,0.21052631578947367,0.05263157894736842,0.042105263157894736,-0.004489778117894605,-589.421052631579,80.82310630653312,0.22896064109499467,0.18316851287599575,0.04579212821899894,0.03663370257519915,-0.003906333409740224,-512.8260439245691,68
1819,12,zhaoguojie,0,2691,1,More tears followed as Jim Courier asked Federer about the decades of support from his family,0,1,1,3003,8,6,2,0.875,0.48058931589635273,3255,130.56521739130434,0.34782608695652173,0.2608695652173913,0.08695652173913043,0.03804347826086957,0.02089518764766751,141.52173913043478,125.4497303183111,0.33419841576639653,0.2506488118247974,0.08354960394159913,0.03655295172444962,0.02007652350085217,135.97698041495258,78
1819,12,zhaoguojie,0,2691,2,"His parents, wife and both sets of twins were present in the city, which has witnessed so much of his success",0,1,1,1222,4,3,1,0.75,0.8857799752058937,1626,50.916666666666664,0.16666666666666666,0.125,0.041666666666666664,0.03125,0.036907498966912235,67.75,43.342674869987235,0.14187454949259326,0.10640591211944493,0.035468637373148315,0.026601478029861233,0.03141740873297415,57.67200436873915,89
1819,12,zhaoguojie,0,2691,3,Live from London,0,1,1,0,0,0,0,0.0,0.0,0,0.0,0.0,0.0,0.0,0.0,0.0,0.0,0.0,0.0,0.0,0.0,0.0,0.0,0.0,14
1848,36,qxy,0,2712,0,"There are reports from several cities in Iran of more clashes between anti-government protesters and the police, including in the capital Tehran",0,1,1,2758,8,7,1,0.75,-0.029487394160858677,-96804,76.61111111111111,0.2222222222222222,0.19444444444444445,0.027777777777777776,0.020833333333333332,-0.0008190942822460744,-2689.0,79.4605409552829,0.23048742844171977,0.2016764998865048,0.02881092855521497,0.021608196416411228,-0.0008495592064479625,-2789.01312785903,123
1848,36,qxy,0,2712,1,Images have appeared on social media showing protesters hurling petrol bombs at security forces,0,1,1,3756,9,8,1,0.8888888888888888,0.9336322804695033,2366,150.24,0.36,0.32,0.04,0.035555555555555556,0.037345291218780136,94.64,159.74963439480462,0.38278666388531457,0.3402548123425018,0.04253185154281273,0.03780609026027798,0.03970910954850661,100.63036075029491,82
1848,36,qxy,0,2712,2,"According to officials, at least 35 people have been killed since the unrest began 8 days ago",0,1,1,3234,7,7,0,1.0,1.011781668978271,1030,134.75,0.2916666666666667,0.2916666666666667,0.0,0.041666666666666664,0.042157569540761296,42.916666666666664,139.76433060976814,0.3025201961250393,0.3025201961250393,0.0,0.04321717087500561,0.0437263412764323,44.51368600125578,77
1848,36,qxy,0,2712,3,A judge in Brazil has banned president Jair Bolsonaro from using public buildings to record party political broadcast ahead of next Sunday’s general election,0,0,1,11156,25,21,4,0.92,1.15932286386502,6229,286.05128205128204,0.6410256410256411,0.5384615384615384,0.10256410256410256,0.02358974358974359,0.029726227278590256,159.71794871794873,293.32697517825727,0.6573300806253525,0.552157267725296,0.1051728129000564,0.02418974696701297,0.030482311663008323,163.7803628886128,134
1848,36,qxy,0,2712,4,Earlier this week Mr Bolsonaro made a controversial live online address from the library of his official residence in Brasilia,0,1,1,3012,10,8,2,0.9,0.9261968620906186,3006,88.58823529411765,0.29411764705882354,0.23529411764705882,0.058823529411764705,0.026470588235294117,0.02724108417913584,88.41176470588235,100.54777359987911,0.3338239495347912,0.26705915962783294,0.06676478990695824,0.03004415545813121,0.030918669454982062,100.34747923015823,107
1848,36,qxy,0,2712,5,Our America's editor Leonardo Rosha explains why Mr Bolsonaro has been urging voters to support him in the poll,0,1,1,3096,9,9,0,0.8888888888888888,0.760777791439983,2741,103.2,0.3,0.3,0.0,0.029629629629629627,0.025359259714666103,91.36666666666666,111.25065188680188,0.3234030578104706,0.3234030578104706,0.0,0.031941042746713146,0.02733754045177633,98.49419793983333,93
1848,36,qxy,0,2712,6,"All opinion polls consistently for the past two months show the president stuck with a 32%, 33% of the vote, one third of the of people supporting him",0,1,1,3949,12,12,0,0.9166666666666666,0.8133163533620628,3269,106.72972972972973,0.32432432432432434,0.32432432432432434,0.0,0.024774774774774775,0.021981523063839534,88.35135135135135,105.13105874529893,0.3194663724850816,0.3194663724850816,0.0,0.024403681231499285,0.021652268757614414,87.02796430447763,123
1848,36,qxy,0,2712,7,And the opponent for the front runner is the former left wing president Luiz Inacio Lula da Silva with 45-47%,0,1,1,4581,10,9,1,0.9,0.5703355031809518,6244,157.9655172413793,0.3448275862068966,0.3103448275862069,0.034482758620689655,0.03103448275862069,0.01966674148899834,215.31034482758622,160.8869613208152,0.3512048926453072,0.3160844033807764,0.035120489264530715,0.031608440338077644,0.020030461916647344,219.2923349677298,90
1848,36,qxy,0,2712,8,"If he doesn't get 50% of valid vote, there will be a second round on the last Sunday of October",0,1,0,2938,7,6,1,0.8571428571428571,1.0688542208366798,2042,117.52,0.28,0.24,0.04,0.03428571428571428,0.04275416883346719,81.68,121.70469643439235,0.2899703454869797,0.24854601041741117,0.04142433506956853,0.035506572916773026,0.04427657538446122,84.58849221205894,76
1848,36,qxy,0,2712,9,Everyone expects president Bolsonaro to be defeated and many people say that explains why he's breaking the rules and pushing the boundaries a bit,0,1,1,1392,3,3,0,0.6666666666666666,0.7252496954464638,1787,37.62162162162162,0.08108108108108109,0.08108108108108109,0.0,0.018018018018018018,0.019601343120174697,48.2972972972973,39.16351948755825,0.08440413682663414,0.08440413682663414,0.0,0.018756474850363143,0.020404691509312692,50.27673083639841,123
1848,36,qxy,0,2712,10,The prime minister of Canada Justin Trudeau has said the military will be deployed to help the province of Nova Scotia recover from damage caused by Tropical Storm Fiona,0,1,1,4826,14,12,2,0.8571428571428571,1.1686270247533876,2856,112.23255813953489,0.32558139534883723,0.27906976744186046,0.046511627906976744,0.019933554817275746,0.027177372668683433,66.4186046511628,112.57868273163605,0.32658548658162134,0.2799304170699612,0.046655069511660194,0.01999502979071151,0.02726118753653697,66.62343926265076,141
1848,36,qxy,0,2712,11,"Help has been offered to the other four provinces which were pummelled by ferocious winds, leaving hundreds of thousands of people without power",0,1,1,6116,17,13,4,0.9411764705882353,1.0088163294604688,3445,174.74285714285713,0.4857142857142857,0.37142857142857144,0.11428571428571428,0.026890756302521007,0.02882332369887054,98.42857142857143,171.639161511873,0.4770872703894442,0.36483144206251616,0.11225582832692806,0.026413136076924245,0.02831137817332902,96.68033214656678,122
1848,36,qxy,0,2712,12,North Korea has fired a single short-range ballistic missile into the sea of its east coast,0,1,1,2663,7,6,1,0.8571428571428571,0.20703569471840325,6840,115.78260869565217,0.30434782608695654,0.2608695652173913,0.043478260869565216,0.037267080745341616,0.009001551944278402,297.39130434782606,117.67187580874325,0.30931398072144306,0.2651262691898083,0.04418771153163472,0.037875181312829756,0.009148433554968392,302.2439468763815,76
1848,36,qxy,0,2713,0,It’s the first such test since June,0,1,1,214,1,1,0,0.0,-0.06538011846666529,-12596,30.571428571428573,0.14285714285714285,0.14285714285714285,0.0,0.0,-0.009340016923809327,-1799.4285714285713,21.69798810891156,0.10139246779865214,0.10139246779865214,0.0,0.0,-0.006629051556303423,-1277.1395243918223,29
1848,36,qxy,0,2713,1,Japan's defence minister estimated that the missile reached a maximum altitude of 50 kilometers,0,1,1,2519,5,4,1,1.0,0.647434835802635,2031,93.29629629629629,0.18518518518518517,0.14814814814814814,0.037037037037037035,0.037037037037037035,0.023979067992690183,75.22222222222223,113.16544754216847,0.22462375454975878,0.179699003639807,0.04492475090995175,0.04492475090995175,0.029085848728858887,91.24216909811202,82
1848,36,qxy,0,2713,2,It fell outside of Japanese territorial waters,0,1,1,3446,8,6,2,0.875,0.866397654101764,2267,229.73333333333332,0.5333333333333333,0.4,0.13333333333333333,0.058333333333333334,0.05775984360678426,151.13333333333333,313.6264079070517,0.7280938082578101,0.5460703561933576,0.18202345206445253,0.07963526027819798,0.07885234593007327,206.32358291505696,40
1848,36,qxy,0,2713,3,There was no reported disruption to shipping or air traffic,0,1,1,1106,3,3,0,1.0,0.7473877866319727,688,69.125,0.1875,0.1875,0.0,0.0625,0.04671173666449829,43.0,77.37792459436943,0.20988587141329865,0.20988587141329865,0.0,0.0699619571377662,0.05228871229363603,48.13382651078315,50
1854,40,xuhailin,0,2725,0,"From the early days of broadband, advocates for consumers and web-based companies worried that the cable and phone companies selling broadband connections had the power and incentive to favor affiliated websites over their rivals’",0,1,1,44068,92,56,36,0.9782608695652174,-0.038892786106550406,-362621,734.4666666666667,1.5333333333333334,0.9333333333333333,0.6,0.016304347826086956,-0.0006482131017758401,-6043.683333333333,791.4823214542406,1.6523639278794167,1.00578673870921,0.6465771891702066,0.017570032314407787,-0.0006985330088825395,-6512.846303169152,197
1854,40,xuhailin,0,2725,1,"That is the reason why there has been such a strong demand for rules that would prevent broadband providers from picking winners and losers online, preserving the freedom and innovation that have been the lifeblood of the Internet",0,1,1,27491,61,40,21,0.9508196721311475,0.46362103977137414,25622,518.6981132075472,1.150943396226415,0.7547169811320755,0.39622641509433965,0.017939993813795234,0.008747566788139136,483.4339622641509,479.2265909283427,1.0633597194219528,0.6972850619160347,0.3660746575059182,0.016574808848823775,0.008081900635563974,446.645946410316,193
1854,40,xuhailin,0,2725,2,"Yet that demand has been almost impossible to fill-in part because of pushback from broadband providers, anti-regulatory conservatives and the courts",0,0,1,31309,60,38,22,0.95,0.5286382449427509,19790,823.921052631579,1.5789473684210527,1.0,0.5789473684210527,0.024999999999999998,0.01391153276165134,520.7894736842105,901.0340213167469,1.72672526363042,1.0935926669659326,0.6331325966644873,0.027339816674148316,0.015213550214398235,569.5315494541002,129
1854,40,xuhailin,0,2725,3,"A federal appeals court weighed in again Tuesday, but instead of providing a badly needed resolution, it only prolonged the fight",0,1,1,19935,40,24,16,0.975,0.7704266502845699,8917,569.5714285714286,1.1428571428571428,0.6857142857142857,0.45714285714285713,0.027857142857142858,0.02201219000813057,254.77142857142857,652.5817224042186,1.3094190567428514,0.7856514340457109,0.5237676226971406,0.031917089508107004,0.025220283442629405,291.9022432244002,109
1854,40,xuhailin,0,2725,4,"At issue before the United States Court of Appeals for the District of Columbia Circuit was the latest take of the Federal Communications Commission (FCC) on net neutrality, adopted on a party-line vote in 2017",0,1,1,23633,55,37,18,0.9636363636363636,0.7094474187699048,14726,414.6140350877193,0.9649122807017544,0.6491228070175439,0.3157894736842105,0.01690590111642743,0.012446445943331663,258.35087719298247,470.01665032796444,1.0938482532068736,0.7358615521573513,0.35798670104952224,0.01916494460164109,0.014109596722974285,292.8728977586258,176
1854,40,xuhailin,0,2725,5,"The Republican-penned order not only eliminated the strict net neutrality rules the FCC had adopted when it had a Democratic majority in 2015, but rejected the commission’s authority to require broadband providers to do much of anything",0,0,0,42308,95,64,31,0.968421052631579,0.5846948890807973,32481,650.8923076923077,1.4615384615384615,0.9846153846153847,0.47692307692307695,0.014898785425101214,0.00899530598585842,499.7076923076923,771.0355935878828,1.7313127869634317,1.166358088059575,0.5649546989038566,0.01764883949037515,0.010655681451976312,591.9449540353603,200
1854,40,xuhailin,0,2725,6,The order also declared that state and local governments couldn’t regulate broadband providers either,0,1,1,10689,30,19,11,0.9333333333333333,0.5516736958290439,14587,427.56,1.2,0.76,0.44,0.037333333333333336,0.022066947833161755,583.48,434.149423417827,1.2184940314842183,0.7717128866066716,0.4467811448775467,0.03790870320173124,0.022407036856484337,592.472414575343,88
1854,40,xuhailin,0,2725,7,"The commission argued that other agencies would protect against anti-competitive behavior, such as a broadband-providing conglomerate like favoring its own video-streaming service at the expense of Netflix and Apple TV",0,1,1,13840,32,23,9,0.96875,0.7914389296167343,6724,242.80701754385964,0.5614035087719298,0.40350877192982454,0.15789473684210525,0.01699561403508772,0.013884893502047971,117.96491228070175,286.2885501277823,0.6619388442260863,0.4757685442874995,0.18617029993858678,0.02003916422950066,0.0163713803233135,139.0898996430064,189
1854,40,xuhailin,0,2726,0,Yet the FCC also ended the investigations of broadband providers that imposed data caps on their rivals’ streaming services but not their own,0,1,1,8880,22,13,9,0.9090909090909091,-0.024029537653559897,-226297,253.71428571428572,0.6285714285714286,0.37142857142857144,0.2571428571428571,0.025974025974025972,-0.0006865582186731399,-6465.628571428571,256.2617880666528,0.634882808273239,0.37515802307055024,0.25972478520268866,0.026234826788150367,-0.0006934518339545292,-6530.54885744587,119
1854,40,xuhailin,0,2726,1,"On Tuesday, the appeals court unanimously upheld the 2017 order deregulating broadband providers, citing a Supreme Court ruling from 2005 that upheld a similarly deregulatory move",0,1,0,18934,49,33,16,0.9387755102040817,0.5158394028066634,21301,402.8510638297872,1.0425531914893618,0.7021276595744681,0.3404255319148936,0.01997394702561876,0.010975306442694966,453.21276595744683,452.3907389039487,1.1707587517848044,0.7884701797734397,0.3822885720113647,0.022430196827197418,0.012324969292884656,508.94555452587997,154
1854,40,xuhailin,0,2726,2,"But Judge Patricia Millett rightly argued in a concurring opinion that the result is unhinged from the realities of modem broadband service, and said Congress or the Supreme Court could intervene to avoid trapping Internet regulation in technological anachronism",0,0,1,25346,70,43,27,0.9428571428571428,0.476342706479184,34418,367.3333333333333,1.0144927536231885,0.6231884057971014,0.391304347826087,0.013664596273291925,0.006903517485205565,498.81159420289856,409.7216209902468,1.1315597518076728,0.6951009903961418,0.4364587614115309,0.015241417065164572,0.00770014621027115,556.3717648245212,224
1854,40,xuhailin,0,2726,3,"In the meantime, the court threw out the FCC’s attempt to block all state rules on net neutrality, while preserving the commission’s power to preempt individual state laws that undermine its order",0,1,1,10757,36,21,15,0.9444444444444444,0.3285896006761624,22890,215.14,0.72,0.42,0.3,0.01888888888888889,0.0065717920135232475,457.8,223.1617895794722,0.7468461861914102,0.43566027527832263,0.31118591091308756,0.019593186983416624,0.006816830280198619,474.8697000533716,165
1854,40,xuhailin,0,2726,4,"That means more battles like the one now going on between the Justice Department and California, which enacted a tough net neutrality law in the wake of the FCC’s abdication",0,1,1,10777,36,25,11,0.9444444444444444,0.5762135459068546,21036,229.29787234042553,0.7659574468085106,0.5319148936170213,0.23404255319148937,0.020094562647754135,0.012259862678869247,447.5744680851064,252.6928761716081,0.8441072229913605,0.5861855715217781,0.25792165146958235,0.022144788257489396,0.013510722669039996,493.239987301285,144
1854,40,xuhailin,0,2726,5,The endless legal battles and back-and-forth at the FCC cry out for Congress to act,0,1,1,7085,19,11,8,0.8947368421052632,0.5955992480386472,9231,354.25,0.95,0.55,0.4,0.04473684210526316,0.02977996240193236,461.55,347.38992182118074,0.9316031777843944,0.5393492081909652,0.39225396959342923,0.043870509757159844,0.0292032711662526,452.6120491646181,69
1854,40,xuhailin,0,2726,6,It needs to give the commission explicit authority once and for all to bar broadband providers from meddling in the traffic on their network and to create clear rules protecting openness and innovation online,0,1,1,5800,18,13,5,0.9444444444444444,0.3969823165514615,13889,109.43396226415095,0.33962264150943394,0.24528301886792453,0.09433962264150944,0.01781970649895178,0.007490232387763424,262.0566037735849,114.268807009089,0.3546273320971728,0.2561197398479581,0.09850759224921465,0.018606989647073878,0.007821154433800005,273.6343897498685,175
1860,44,dongfang,0,2738,0,W V Quine would no doubt say that the difficulties with “mentalism” pointed out in the preceding chapters are grist for his mill,0,1,1,4634,12,9,3,0.8333333333333334,-0.0286138671422738,-130465,144.8125,0.375,0.28125,0.09375,0.026041666666666668,-0.0008941833481960563,-4077.03125,150.55918748451464,0.38988136595040473,0.29241102446280354,0.09747034148760118,0.027075094857666997,-0.0009296678005460929,-4238.82270072663,106
1860,44,dongfang,0,2738,1,"Quine has long contended that it is a mistake to think of meanings as objects in the head; that the notion of synonymy is hopelessly vague, at least if our interests are theoretical; and that even reference is “inscrutable” when we are dealing with a language other than our own",0,1,1,9993,25,20,5,0.92,0.6235805324321422,10243,140.74647887323943,0.352112676056338,0.28169014084507044,0.07042253521126761,0.01295774647887324,0.008782824400452707,144.26760563380282,149.26842327145414,0.37343246090126625,0.298745968721013,0.07468649218025325,0.013742314561166598,0.009314608511850269,153.0027478804668,229
1860,44,dongfang,0,2738,2,"In our own language, after it has been translated into a “regimented notation” (that is, predicate calculus), it is easy to specify the extension of “refers to”",0,1,1,6603,21,15,6,0.9523809523809523,0.6768371490502504,5750,146.73333333333332,0.4666666666666667,0.3333333333333333,0.13333333333333333,0.021164021164021163,0.01504082553445001,127.77777777777777,174.62664164909793,0.5553777789839552,0.39669841355996804,0.1586793654239872,0.02518720086095035,0.01790001488444573,152.06772519798773,134
1860,44,dongfang,0,2738,3,"The “disquotational” truths that “cat” refers to cats, “electron” refers to electrons, “superego” refers to superegos and so on, suffice to determine the extension of the relation “refers to” when that relation is restricted to the “home language”",0,0,1,6761,18,17,1,0.8333333333333334,0.8479274165010506,7747,116.56896551724138,0.3103448275862069,0.29310344827586204,0.017241379310344827,0.014367816091954023,0.014619438215535355,133.56896551724137,116.14398077880114,0.30921337879284433,0.2920348577487974,0.017178521044046907,0.014315434203372421,0.014566138968187623,133.08200252823138,210
1860,44,dongfang,0,2738,4,"Every question of sameness of reference, for example, “Does ‘water’ have the same reference as ‘H2O’”, just reduces to the corresponding first-order question (“Is water H2O?”)",0,0,1,4939,15,10,5,0.9333333333333333,0.5923805977210009,6754,117.5952380952381,0.35714285714285715,0.23809523809523808,0.11904761904761904,0.022222222222222223,0.014104299945738117,160.8095238095238,118.01157406720003,0.3584072911536749,0.23893819410244996,0.11946909705122498,0.02230089811622866,0.014154235024078584,161.3788562967947,150
1860,44,dongfang,0,2738,5,"To the objection that translation into a regimented notation presupposes some notion of sameness of meaning, Quine said that such translation is a “free creation,” not a discovery of some content already there",0,1,0,10812,25,21,4,0.92,0.5269510643662614,10887,193.07142857142858,0.44642857142857145,0.375,0.07142857142857142,0.016428571428571428,0.00940984043511181,194.41071428571428,223.8020737997774,0.5174853722710354,0.43468771270766976,0.08279765956336567,0.019043461699574105,0.010907578708487724,225.3545299165905,177
1860,44,dongfang,0,2738,6,"Quine thinks of unregimented natural language as a “System of noises which has the function of helping us to anticipate stimulations of our nerve endings,” but to which no serious scientific notion of reference or truth is applicable",0,1,0,8310,19,15,4,0.8947368421052632,0.6783490737836122,7356,124.02985074626865,0.2835820895522388,0.22388059701492538,0.05970149253731343,0.01335428122545169,0.010124613041546451,109.7910447761194,152.90006518491398,0.3495910034312113,0.2759928974456931,0.07359810598551816,0.016462734233602748,0.012481301756876093,135.3469169073679,196
1860,44,dongfang,0,2738,7,"To the objection that any theory of the propositional attitudes presupposes that we can compare utterances made in different languages (or thoughts “subvocalized” in different languages) for sameness or difference of meaning, Quine’s response is that the propositional attitudes belong to folk psychology, not to science",0,1,1,11917,27,21,6,0.9259259259259259,0.7143088322505993,9378,140.2,0.3176470588235294,0.24705882352941178,0.07058823529411765,0.010893246187363835,0.008403633320595285,110.32941176470588,163.1421938246494,0.3696265195322257,0.28748729296950887,0.08213922656271683,0.012675806568320498,0.00977879583466361,128.38361111752639,275
1860,44,dongfang,0,2739,0,"We should settle for behaviorism, in Quine’s view",0,1,1,4179,13,8,5,0.9230769230769231,-0.02724087070089518,-88738,348.25,1.0833333333333333,0.6666666666666666,0.4166666666666667,0.07692307692307693,-0.0022700725584079316,-7394.833333333333,351.6038096159448,1.0937663376423263,0.6730869770106624,0.420679360631664,0.07766388196276874,-0.0022919344139004827,-7466.04902074652,42
1860,44,dongfang,0,2739,1,I cannot discuss here the deep philosophical reasons that Quine offers in support of these views,0,1,1,2561,6,5,1,0.8333333333333334,0.6962594155163384,2457,106.70833333333333,0.25,0.20833333333333334,0.041666666666666664,0.034722222222222224,0.029010808979847435,102.375,109.17243612466162,0.25577298584458014,0.21314415487048344,0.042628830974096685,0.03552402581174724,0.029680724938169343,104.73903770335556,81
1860,44,dongfang,0,2739,2,"My plan in this book is to evaluate the prospects of a particular philosophical research program, or rather of a family of research programs, without allowing the discussion to broaden into a discussion of metaphysical issues in general",0,1,1,8674,19,16,3,0.8421052631578947,0.8793986200733752,6753,129.46268656716418,0.2835820895522388,0.23880597014925373,0.04477611940298507,0.012568735271013353,0.013125352538408585,100.7910447761194,162.64980645399254,0.356276956724217,0.30002270039934065,0.05625425632487637,0.015790668442070558,0.01648997179511674,126.6283309872967,199
1860,44,dongfang,0,2739,3,Of course this is not completely possible; every philosophical program touches on deep metaphysical issues,0,1,1,2852,6,6,0,1.0,0.6233891530563022,1382,98.34482758620689,0.20689655172413793,0.20689655172413793,0.0,0.034482758620689655,0.021496177691596625,47.6551724137931,116.00529166421282,0.24405040322064409,0.24405040322064409,0.0,0.040675067203440676,0.02535639569446106,56.21294287515502,92
1860,44,dongfang,0,2739,4,But there is a fundamental difference in what may be called “level” between the question “Can a reductionist account of broad content (respectively narrow content) be given?” and such questions as “Is there a language-independent world at all?” Here I intend to confine myself largely to questions at what may be considered the “shallower” level; questions that face philosophers who consider themselves “scientific realists”,0,0,1,16962,42,31,11,0.9047619047619048,0.631027156439168,16745,157.05555555555554,0.3888888888888889,0.28703703703703703,0.10185185185185185,0.00837742504409171,0.005842844041103407,155.0462962962963,175.94688323358665,0.4356661417174059,0.32156310460094245,0.11410303711646345,0.009385098290964526,0.006545646822970434,173.69594150138005,362
1860,44,dongfang,0,2739,5,"What bearing the results we obtain at the shallower, or less metaphysical, level have on contemporary discussions in metaphysics will be briefly discussed in the final chapter; but for the most part, this question will be left for a future book",0,1,1,9851,18,14,4,0.8888888888888888,0.8816077859742107,6282,161.49180327868854,0.29508196721311475,0.22950819672131148,0.06557377049180328,0.014571948998178506,0.01445258665531493,102.98360655737704,168.49104519300724,0.30787116165608874,0.2394553479547357,0.06841581370135305,0.015203514155856234,0.015078978510718485,107.44703541797497,204
